<?xml version="1.0" encoding="UTF-8"?>
<SpriteSheet maxComponents="1" paletteGroups="4">
	<PaletteList>
		<Palette id="0" src="Palette_00.png"/>
		<Palette id="1" src="Palette_01.png"/>
		<Palette id="2" src="Palette_02.png"/>
		<Palette id="3" src="Palette_03.png"/>
		<Palette id="4" src="Palette_04.png"/>
		<Palette id="5" src="Palette_05.png"/>
		<Palette id="6" src="Palette_06.png"/>
		<Palette id="7" src="Palette_07.png"/>
		<Palette id="8" src="Palette_08.png"/>
		<Palette id="9" src="Palette_09.png"/>
		<Palette id="A" src="Palette_0A.png"/>
		<Palette id="B" src="Palette_0B.png"/>
		<Palette id="C" src="Palette_0C.png"/>
		<Palette id="D" src="Palette_0D.png"/>
		<Palette id="E" src="Palette_0E.png"/>
		<Palette id="F" src="Palette_0F.png"/>
		<Palette id="10" src="Palette_10.png"/>
	</PaletteList>
	<RasterList>
		<Raster id="0" palette="0" src="Raster_00.png"/>
		<Raster id="1" palette="0" src="Raster_01.png"/>
		<Raster id="2" palette="0" src="Raster_02.png"/>
		<Raster id="3" palette="0" src="Raster_03.png"/>
		<Raster id="4" palette="0" src="Raster_04.png"/>
		<Raster id="5" palette="0" src="Raster_05.png"/>
		<Raster id="6" palette="0" src="Raster_06.png"/>
		<Raster id="7" palette="0" src="Raster_07.png"/>
		<Raster id="8" palette="0" src="Raster_08.png"/>
		<Raster id="9" palette="0" src="Raster_09.png"/>
		<Raster id="A" palette="0" src="Raster_0A.png"/>
		<Raster id="B" palette="0" src="Raster_0B.png"/>
		<Raster id="C" palette="0" src="Raster_0C.png"/>
		<Raster id="D" palette="0" src="Raster_0D.png"/>
		<Raster id="E" palette="0" src="Raster_0E.png"/>
		<Raster id="F" palette="0" src="Raster_0F.png"/>
		<Raster id="10" palette="0" src="Raster_10.png"/>
		<Raster id="11" palette="0" src="Raster_11.png"/>
		<Raster id="12" palette="10" src="Raster_12.png"/>
		<Raster id="13" palette="10" src="Raster_13.png"/>
		<Raster id="14" palette="10" src="Raster_14.png"/>
		<Raster id="15" palette="10" src="Raster_15.png"/>
		<Raster id="16" palette="0" src="Raster_16.png"/>
		<Raster id="17" palette="0" src="Raster_17.png"/>
	</RasterList>
	<AnimationList>
		<Animation name="Anim_00">
			<Component name="Comp_00" xyz="0,-1,0">
				<Command val="1000"/>
				<Command val="2"/>
				<Command val="2000"/>
			</Component>
		</Animation>
		<Animation name="Anim_01">
			<Component name="Comp_00" xyz="0,-1,0">
				<Command val="1000"/>
				<Command val="30"/>
				<Command val="8201"/>
				<Command val="3000"/>
				<Command val="0"/>
				<Command val="0"/>
				<Command val="0"/>
				<Command val="5002"/>
				<Command val="46"/>
				<Command val="5001"/>
				<Command val="6E"/>
				<Command val="1000"/>
				<Command val="8"/>
				<Command val="1003"/>
				<Command val="2"/>
				<Command val="1004"/>
				<Command val="2"/>
				<Command val="3000"/>
				<Command val="0"/>
				<Command val="8"/>
				<Command val="0"/>
				<Command val="1004"/>
				<Command val="2"/>
				<Command val="3000"/>
				<Command val="0"/>
				<Command val="C"/>
				<Command val="0"/>
				<Command val="1004"/>
				<Command val="2"/>
				<Command val="3000"/>
				<Command val="0"/>
				<Command val="E"/>
				<Command val="0"/>
				<Command val="1004"/>
				<Command val="2"/>
				<Command val="3000"/>
				<Command val="0"/>
				<Command val="10"/>
				<Command val="0"/>
				<Command val="1000"/>
				<Command val="2"/>
				<Command val="3000"/>
				<Command val="0"/>
				<Command val="10"/>
				<Command val="0"/>
				<Command val="1001"/>
				<Command val="2"/>
				<Command val="3000"/>
				<Command val="0"/>
				<Command val="10"/>
				<Command val="0"/>
				<Command val="1002"/>
				<Command val="2"/>
				<Command val="3000"/>
				<Command val="0"/>
				<Command val="10"/>
				<Command val="0"/>
				<Command val="1000"/>
				<Command val="2"/>
				<Command val="3000"/>
				<Command val="0"/>
				<Command val="10"/>
				<Command val="0"/>
				<Command val="1001"/>
				<Command val="2"/>
				<Command val="3000"/>
				<Command val="0"/>
				<Command val="10"/>
				<Command val="0"/>
				<Command val="1002"/>
				<Command val="2"/>
				<Command val="3000"/>
				<Command val="0"/>
				<Command val="E"/>
				<Command val="0"/>
				<Command val="1000"/>
				<Command val="2"/>
				<Command val="3000"/>
				<Command val="0"/>
				<Command val="A"/>
				<Command val="0"/>
				<Command val="1000"/>
				<Command val="2"/>
				<Command val="3000"/>
				<Command val="0"/>
				<Command val="8"/>
				<Command val="0"/>
				<Command val="1000"/>
				<Command val="2"/>
				<Command val="5002"/>
				<Command val="46"/>
				<Command val="1000"/>
				<Command val="2"/>
				<Command val="5002"/>
				<Command val="50"/>
				<Command val="1000"/>
				<Command val="2"/>
				<Command val="2000"/>
			</Component>
		</Animation>
		<Animation name="Anim_02">
			<Component name="Comp_00" xyz="0,-1,0">
				<Command val="1000"/>
				<Command val="4"/>
				<Command val="1001"/>
				<Command val="4"/>
				<Command val="1002"/>
				<Command val="4"/>
				<Command val="2000"/>
			</Component>
		</Animation>
		<Animation name="Anim_03">
			<Component name="Comp_00" xyz="0,-1,0">
				<Command val="1000"/>
				<Command val="2"/>
				<Command val="1001"/>
				<Command val="2"/>
				<Command val="1002"/>
				<Command val="2"/>
				<Command val="2000"/>
			</Component>
		</Animation>
		<Animation name="Anim_04">
			<Component name="Comp_00" xyz="0,-13,0">
				<Command val="1000"/>
				<Command val="2"/>
				<Command val="1001"/>
				<Command val="2"/>
				<Command val="1002"/>
				<Command val="2"/>
				<Command val="100C"/>
				<Command val="2"/>
				<Command val="2000"/>
			</Component>
		</Animation>
		<Animation name="Anim_05">
			<Component name="Comp_00" xyz="0,-13,0">
				<Command val="5002"/>
				<Command val="46"/>
				<Command val="100C"/>
				<Command val="6"/>
				<Command val="5001"/>
				<Command val="55"/>
				<Command val="5002"/>
				<Command val="78"/>
				<Command val="100D"/>
				<Command val="4"/>
				<Command val="100C"/>
				<Command val="4"/>
				<Command val="100D"/>
				<Command val="4"/>
				<Command val="200A"/>
			</Component>
		</Animation>
		<Animation name="Anim_06">
			<Component name="Comp_00" xyz="0,-13,0">
				<Command val="5002"/>
				<Command val="32"/>
				<Command val="100E"/>
				<Command val="4"/>
				<Command val="5002"/>
				<Command val="5A"/>
				<Command val="100E"/>
				<Command val="2"/>
				<Command val="1009"/>
				<Command val="4"/>
				<Command val="100A"/>
				<Command val="2"/>
				<Command val="100B"/>
				<Command val="2"/>
				<Command val="1008"/>
				<Command val="2"/>
				<Command val="1009"/>
				<Command val="2"/>
				<Command val="200A"/>
			</Component>
		</Animation>
		<Animation name="Anim_07">
			<Component name="Comp_00" xyz="0,-13,0">
				<Command val="5001"/>
				<Command val="5A"/>
				<Command val="5002"/>
				<Command val="78"/>
				<Command val="100D"/>
				<Command val="4"/>
				<Command val="4000"/>
				<Command val="0"/>
				<Command val="FFE2"/>
				<Command val="5001"/>
				<Command val="46"/>
				<Command val="5002"/>
				<Command val="82"/>
				<Command val="100D"/>
				<Command val="2"/>
				<Command val="4000"/>
				<Command val="0"/>
				<Command val="FFD5"/>
				<Command val="5001"/>
				<Command val="46"/>
				<Command val="5002"/>
				<Command val="8C"/>
				<Command val="100D"/>
				<Command val="2"/>
				<Command val="4000"/>
				<Command val="0"/>
				<Command val="FFD3"/>
				<Command val="5001"/>
				<Command val="46"/>
				<Command val="5002"/>
				<Command val="8E"/>
				<Command val="100D"/>
				<Command val="8"/>
				<Command val="4000"/>
				<Command val="0"/>
				<Command val="FFF6"/>
				<Command val="5001"/>
				<Command val="50"/>
				<Command val="5002"/>
				<Command val="6E"/>
				<Command val="100D"/>
				<Command val="2"/>
				<Command val="4000"/>
				<Command val="0"/>
				<Command val="1E"/>
				<Command val="5001"/>
				<Command val="5A"/>
				<Command val="5002"/>
				<Command val="6E"/>
				<Command val="100D"/>
				<Command val="2"/>
				<Command val="4000"/>
				<Command val="0"/>
				<Command val="23"/>
				<Command val="5001"/>
				<Command val="55"/>
				<Command val="5002"/>
				<Command val="73"/>
				<Command val="100D"/>
				<Command val="4"/>
				<Command val="4000"/>
				<Command val="0"/>
				<Command val="FFF6"/>
				<Command val="5001"/>
				<Command val="5A"/>
				<Command val="5002"/>
				<Command val="6E"/>
				<Command val="100D"/>
				<Command val="2"/>
				<Command val="4000"/>
				<Command val="0"/>
				<Command val="FFF3"/>
				<Command val="5001"/>
				<Command val="5F"/>
				<Command val="5002"/>
				<Command val="69"/>
				<Command val="100D"/>
				<Command val="4"/>
				<Command val="4000"/>
				<Command val="0"/>
				<Command val="A"/>
				<Command val="5001"/>
				<Command val="5A"/>
				<Command val="5002"/>
				<Command val="6E"/>
				<Command val="100D"/>
				<Command val="2"/>
				<Command val="4000"/>
				<Command val="0"/>
				<Command val="D"/>
				<Command val="5002"/>
				<Command val="69"/>
				<Command val="100D"/>
				<Command val="4"/>
				<Command val="100D"/>
				<Command val="2"/>
				<Command val="4000"/>
				<Command val="0"/>
				<Command val="FFFD"/>
				<Command val="100D"/>
				<Command val="4"/>
				<Command val="1000"/>
				<Command val="8"/>
				<Command val="100E"/>
				<Command val="4"/>
				<Command val="1000"/>
				<Command val="80"/>
				<Command val="2000"/>
			</Component>
		</Animation>
		<Animation name="Anim_08">
			<Component name="Comp_00" xyz="0,-1,0">
				<Command val="3001"/>
				<Command val="0"/>
				<Command val="4"/>
				<Command val="0"/>
				<Command val="1000"/>
				<Command val="2"/>
				<Command val="3001"/>
				<Command val="0"/>
				<Command val="6"/>
				<Command val="0"/>
				<Command val="1000"/>
				<Command val="2"/>
				<Command val="1006"/>
				<Command val="2"/>
				<Command val="1007"/>
				<Command val="20"/>
				<Command val="200E"/>
			</Component>
		</Animation>
		<Animation name="Anim_09">
			<Component name="Comp_00" xyz="0,-1,0">
				<Command val="1008"/>
				<Command val="6"/>
				<Command val="1009"/>
				<Command val="6"/>
				<Command val="100A"/>
				<Command val="6"/>
				<Command val="100B"/>
				<Command val="6"/>
				<Command val="2000"/>
			</Component>
		</Animation>
		<Animation name="Anim_0A">
			<Component name="Comp_00" xyz="0,-1,0">
				<Command val="3000"/>
				<Command val="0"/>
				<Command val="4"/>
				<Command val="0"/>
				<Command val="1000"/>
				<Command val="2"/>
				<Command val="3000"/>
				<Command val="0"/>
				<Command val="6"/>
				<Command val="0"/>
				<Command val="1000"/>
				<Command val="2"/>
				<Command val="1006"/>
				<Command val="2"/>
				<Command val="1007"/>
				<Command val="20"/>
				<Command val="1005"/>
				<Command val="2"/>
				<Command val="3000"/>
				<Command val="0"/>
				<Command val="8"/>
				<Command val="0"/>
				<Command val="1000"/>
				<Command val="2"/>
				<Command val="1005"/>
				<Command val="4"/>
				<Command val="3000"/>
				<Command val="0"/>
				<Command val="8"/>
				<Command val="0"/>
				<Command val="1000"/>
				<Command val="2"/>
				<Command val="3000"/>
				<Command val="0"/>
				<Command val="6"/>
				<Command val="0"/>
				<Command val="1000"/>
				<Command val="2"/>
				<Command val="5002"/>
				<Command val="46"/>
				<Command val="1000"/>
				<Command val="2"/>
				<Command val="5002"/>
				<Command val="50"/>
				<Command val="1000"/>
				<Command val="2"/>
				<Command val="1000"/>
				<Command val="20"/>
				<Command val="2000"/>
			</Component>
		</Animation>
		<Animation name="Anim_0B">
			<Component name="Comp_00" xyz="0,-1,0">
				<Command val="1000"/>
				<Command val="8"/>
				<Command val="3000"/>
				<Command val="0"/>
				<Command val="FFFF"/>
				<Command val="0"/>
				<Command val="1003"/>
				<Command val="4"/>
				<Command val="3000"/>
				<Command val="0"/>
				<Command val="FFFE"/>
				<Command val="0"/>
				<Command val="1004"/>
				<Command val="8"/>
				<Command val="7000"/>
				<Command val="3"/>
				<Command val="1000"/>
				<Command val="A"/>
				<Command val="1000"/>
				<Command val="6"/>
				<Command val="100F"/>
				<Command val="6"/>
				<Command val="1010"/>
				<Command val="6"/>
				<Command val="7012"/>
				<Command val="4"/>
				<Command val="1000"/>
				<Command val="A"/>
				<Command val="2000"/>
			</Component>
		</Animation>
		<Animation name="Anim_0C">
			<Component name="Comp_00" xyz="0,-1,0">
				<Command val="1000"/>
				<Command val="30"/>
				<Command val="3000"/>
				<Command val="0"/>
				<Command val="0"/>
				<Command val="0"/>
				<Command val="5002"/>
				<Command val="46"/>
				<Command val="5001"/>
				<Command val="6E"/>
				<Command val="1000"/>
				<Command val="8"/>
				<Command val="1003"/>
				<Command val="2"/>
				<Command val="1004"/>
				<Command val="2"/>
				<Command val="3000"/>
				<Command val="0"/>
				<Command val="8"/>
				<Command val="0"/>
				<Command val="1004"/>
				<Command val="2"/>
				<Command val="3000"/>
				<Command val="0"/>
				<Command val="C"/>
				<Command val="0"/>
				<Command val="1004"/>
				<Command val="2"/>
				<Command val="3000"/>
				<Command val="0"/>
				<Command val="E"/>
				<Command val="0"/>
				<Command val="1004"/>
				<Command val="2"/>
				<Command val="3000"/>
				<Command val="0"/>
				<Command val="10"/>
				<Command val="0"/>
				<Command val="1000"/>
				<Command val="6"/>
				<Command val="3000"/>
				<Command val="0"/>
				<Command val="10"/>
				<Command val="0"/>
				<Command val="100D"/>
				<Command val="6"/>
				<Command val="3000"/>
				<Command val="0"/>
				<Command val="10"/>
				<Command val="0"/>
				<Command val="100C"/>
				<Command val="6"/>
				<Command val="3000"/>
				<Command val="0"/>
				<Command val="10"/>
				<Command val="0"/>
				<Command val="100D"/>
				<Command val="6"/>
				<Command val="3000"/>
				<Command val="0"/>
				<Command val="10"/>
				<Command val="0"/>
				<Command val="100C"/>
				<Command val="6"/>
				<Command val="3000"/>
				<Command val="0"/>
				<Command val="10"/>
				<Command val="0"/>
				<Command val="1000"/>
				<Command val="6"/>
				<Command val="3000"/>
				<Command val="0"/>
				<Command val="10"/>
				<Command val="0"/>
				<Command val="100D"/>
				<Command val="6"/>
				<Command val="7022"/>
				<Command val="1"/>
				<Command val="3000"/>
				<Command val="0"/>
				<Command val="E"/>
				<Command val="0"/>
				<Command val="100C"/>
				<Command val="2"/>
				<Command val="3000"/>
				<Command val="0"/>
				<Command val="A"/>
				<Command val="0"/>
				<Command val="100D"/>
				<Command val="2"/>
				<Command val="3000"/>
				<Command val="0"/>
				<Command val="8"/>
				<Command val="0"/>
				<Command val="1000"/>
				<Command val="2"/>
				<Command val="5002"/>
				<Command val="46"/>
				<Command val="1000"/>
				<Command val="2"/>
				<Command val="5002"/>
				<Command val="50"/>
				<Command val="1000"/>
				<Command val="2"/>
				<Command val="2000"/>
			</Component>
		</Animation>
		<Animation name="Anim_0D">
			<Component name="Comp_00" xyz="0,-1,0">
				<Command val="1000"/>
				<Command val="4"/>
				<Command val="1001"/>
				<Command val="4"/>
				<Command val="1002"/>
				<Command val="4"/>
				<Command val="7000"/>
				<Command val="4"/>
				<Command val="5002"/>
				<Command val="46"/>
				<Command val="100C"/>
				<Command val="6"/>
				<Command val="8201"/>
				<Command val="4000"/>
				<Command val="0"/>
				<Command val="F"/>
				<Command val="5002"/>
				<Command val="78"/>
				<Command val="100D"/>
				<Command val="4"/>
				<Command val="3000"/>
				<Command val="7"/>
				<Command val="3"/>
				<Command val="0"/>
				<Command val="4000"/>
				<Command val="0"/>
				<Command val="1E"/>
				<Command val="100C"/>
				<Command val="4"/>
				<Command val="3000"/>
				<Command val="A"/>
				<Command val="6"/>
				<Command val="0"/>
				<Command val="4000"/>
				<Command val="0"/>
				<Command val="2D"/>
				<Command val="100D"/>
				<Command val="4"/>
				<Command val="3000"/>
				<Command val="C"/>
				<Command val="9"/>
				<Command val="0"/>
				<Command val="4000"/>
				<Command val="0"/>
				<Command val="3C"/>
				<Command val="100C"/>
				<Command val="4"/>
				<Command val="3000"/>
				<Command val="D"/>
				<Command val="D"/>
				<Command val="0"/>
				<Command val="4000"/>
				<Command val="0"/>
				<Command val="4B"/>
				<Command val="100D"/>
				<Command val="4"/>
				<Command val="3000"/>
				<Command val="E"/>
				<Command val="12"/>
				<Command val="0"/>
				<Command val="4000"/>
				<Command val="0"/>
				<Command val="5A"/>
				<Command val="100C"/>
				<Command val="4"/>
				<Command val="3000"/>
				<Command val="D"/>
				<Command val="16"/>
				<Command val="0"/>
				<Command val="4000"/>
				<Command val="0"/>
				<Command val="69"/>
				<Command val="100D"/>
				<Command val="4"/>
				<Command val="3000"/>
				<Command val="B"/>
				<Command val="1A"/>
				<Command val="0"/>
				<Command val="4000"/>
				<Command val="0"/>
				<Command val="78"/>
				<Command val="100C"/>
				<Command val="4"/>
				<Command val="3000"/>
				<Command val="B"/>
				<Command val="19"/>
				<Command val="0"/>
				<Command val="4000"/>
				<Command val="0"/>
				<Command val="78"/>
				<Command val="100E"/>
				<Command val="2"/>
				<Command val="8201"/>
				<Command val="3000"/>
				<Command val="B"/>
				<Command val="19"/>
				<Command val="0"/>
				<Command val="4000"/>
				<Command val="0"/>
				<Command val="78"/>
				<Command val="5002"/>
				<Command val="32"/>
				<Command val="100E"/>
				<Command val="4"/>
				<Command val="3000"/>
				<Command val="B"/>
				<Command val="19"/>
				<Command val="0"/>
				<Command val="4000"/>
				<Command val="0"/>
				<Command val="78"/>
				<Command val="5002"/>
				<Command val="5A"/>
				<Command val="100E"/>
				<Command val="2"/>
				<Command val="3000"/>
				<Command val="B"/>
				<Command val="19"/>
				<Command val="0"/>
				<Command val="4000"/>
				<Command val="0"/>
				<Command val="78"/>
				<Command val="1009"/>
				<Command val="4"/>
				<Command val="3000"/>
				<Command val="A"/>
				<Command val="8"/>
				<Command val="0"/>
				<Command val="4000"/>
				<Command val="0"/>
				<Command val="32"/>
				<Command val="100A"/>
				<Command val="2"/>
				<Command val="3000"/>
				<Command val="2"/>
				<Command val="1"/>
				<Command val="0"/>
				<Command val="4000"/>
				<Command val="0"/>
				<Command val="A"/>
				<Command val="100B"/>
				<Command val="2"/>
				<Command val="3000"/>
				<Command val="FFFC"/>
				<Command val="2"/>
				<Command val="0"/>
				<Command val="4000"/>
				<Command val="0"/>
				<Command val="FFEC"/>
				<Command val="1008"/>
				<Command val="2"/>
				<Command val="3000"/>
				<Command val="FFF5"/>
				<Command val="6"/>
				<Command val="0"/>
				<Command val="4000"/>
				<Command val="0"/>
				<Command val="FFCE"/>
				<Command val="1009"/>
				<Command val="2"/>
				<Command val="3000"/>
				<Command val="FFF1"/>
				<Command val="E"/>
				<Command val="0"/>
				<Command val="4000"/>
				<Command val="0"/>
				<Command val="FFB0"/>
				<Command val="100A"/>
				<Command val="2"/>
				<Command val="3000"/>
				<Command val="FFEF"/>
				<Command val="17"/>
				<Command val="0"/>
				<Command val="4000"/>
				<Command val="0"/>
				<Command val="FF92"/>
				<Command val="100B"/>
				<Command val="2"/>
				<Command val="3000"/>
				<Command val="FFF6"/>
				<Command val="1D"/>
				<Command val="0"/>
				<Command val="4000"/>
				<Command val="0"/>
				<Command val="FF74"/>
				<Command val="1008"/>
				<Command val="2"/>
				<Command val="3000"/>
				<Command val="FFFE"/>
				<Command val="21"/>
				<Command val="0"/>
				<Command val="4000"/>
				<Command val="0"/>
				<Command val="FF56"/>
				<Command val="1009"/>
				<Command val="2"/>
				<Command val="3000"/>
				<Command val="3"/>
				<Command val="22"/>
				<Command val="0"/>
				<Command val="4000"/>
				<Command val="0"/>
				<Command val="A0"/>
				<Command val="100A"/>
				<Command val="2"/>
				<Command val="3000"/>
				<Command val="A"/>
				<Command val="1D"/>
				<Command val="0"/>
				<Command val="4000"/>
				<Command val="0"/>
				<Command val="81"/>
				<Command val="100B"/>
				<Command val="2"/>
				<Command val="3000"/>
				<Command val="D"/>
				<Command val="14"/>
				<Command val="0"/>
				<Command val="4000"/>
				<Command val="0"/>
				<Command val="64"/>
				<Command val="1008"/>
				<Command val="2"/>
				<Command val="3000"/>
				<Command val="B"/>
				<Command val="D"/>
				<Command val="0"/>
				<Command val="4000"/>
				<Command val="0"/>
				<Command val="46"/>
				<Command val="1009"/>
				<Command val="2"/>
				<Command val="3000"/>
				<Command val="9"/>
				<Command val="5"/>
				<Command val="0"/>
				<Command val="4000"/>
				<Command val="0"/>
				<Command val="28"/>
				<Command val="100A"/>
				<Command val="2"/>
				<Command val="7089"/>
				<Command val="3"/>
				<Command val="8201"/>
				<Command val="5001"/>
				<Command val="5A"/>
				<Command val="5002"/>
				<Command val="78"/>
				<Command val="100D"/>
				<Command val="4"/>
				<Command val="4000"/>
				<Command val="0"/>
				<Command val="FFE2"/>
				<Command val="5001"/>
				<Command val="46"/>
				<Command val="5002"/>
				<Command val="82"/>
				<Command val="100D"/>
				<Command val="2"/>
				<Command val="4000"/>
				<Command val="0"/>
				<Command val="FFD5"/>
				<Command val="5001"/>
				<Command val="46"/>
				<Command val="5002"/>
				<Command val="8C"/>
				<Command val="100D"/>
				<Command val="2"/>
				<Command val="4000"/>
				<Command val="0"/>
				<Command val="FFD3"/>
				<Command val="5001"/>
				<Command val="46"/>
				<Command val="5002"/>
				<Command val="8E"/>
				<Command val="100D"/>
				<Command val="8"/>
				<Command val="4000"/>
				<Command val="0"/>
				<Command val="FFF6"/>
				<Command val="5001"/>
				<Command val="50"/>
				<Command val="5002"/>
				<Command val="6E"/>
				<Command val="100D"/>
				<Command val="2"/>
				<Command val="4000"/>
				<Command val="0"/>
				<Command val="1E"/>
				<Command val="5001"/>
				<Command val="5A"/>
				<Command val="5002"/>
				<Command val="6E"/>
				<Command val="100D"/>
				<Command val="2"/>
				<Command val="4000"/>
				<Command val="0"/>
				<Command val="23"/>
				<Command val="5001"/>
				<Command val="55"/>
				<Command val="5002"/>
				<Command val="73"/>
				<Command val="100D"/>
				<Command val="4"/>
				<Command val="4000"/>
				<Command val="0"/>
				<Command val="FFF6"/>
				<Command val="5001"/>
				<Command val="5A"/>
				<Command val="5002"/>
				<Command val="6E"/>
				<Command val="100D"/>
				<Command val="2"/>
				<Command val="4000"/>
				<Command val="0"/>
				<Command val="FFF3"/>
				<Command val="5001"/>
				<Command val="5F"/>
				<Command val="5002"/>
				<Command val="69"/>
				<Command val="100D"/>
				<Command val="4"/>
				<Command val="4000"/>
				<Command val="0"/>
				<Command val="A"/>
				<Command val="5001"/>
				<Command val="5A"/>
				<Command val="5002"/>
				<Command val="6E"/>
				<Command val="100D"/>
				<Command val="2"/>
				<Command val="4000"/>
				<Command val="0"/>
				<Command val="D"/>
				<Command val="5002"/>
				<Command val="69"/>
				<Command val="100D"/>
				<Command val="4"/>
				<Command val="100D"/>
				<Command val="2"/>
				<Command val="4000"/>
				<Command val="0"/>
				<Command val="FFFD"/>
				<Command val="100D"/>
				<Command val="4"/>
				<Command val="1000"/>
				<Command val="8"/>
				<Command val="100E"/>
				<Command val="4"/>
				<Command val="1000"/>
				<Command val="20"/>
				<Command val="2000"/>
			</Component>
		</Animation>
		<Animation name="Anim_0E">
			<Component name="Comp_00" xyz="0,-1,0">
				<Command val="1011"/>
				<Command val="2"/>
				<Command val="2000"/>
			</Component>
		</Animation>
		<Animation name="Anim_0F">
			<Component name="Comp_00" xyz="0,-1,0">
				<Command val="1008"/>
				<Command val="6"/>
				<Command val="1009"/>
				<Command val="6"/>
				<Command val="100A"/>
				<Command val="6"/>
				<Command val="100B"/>
				<Command val="6"/>
				<Command val="2000"/>
			</Component>
		</Animation>
		<Animation name="Anim_10">
			<Component name="Comp_00" xyz="0,-1,0">
				<Command val="3001"/>
				<Command val="0"/>
				<Command val="4"/>
				<Command val="0"/>
				<Command val="1012"/>
				<Command val="2"/>
				<Command val="3001"/>
				<Command val="0"/>
				<Command val="6"/>
				<Command val="0"/>
				<Command val="1012"/>
				<Command val="2"/>
				<Command val="1014"/>
				<Command val="2"/>
				<Command val="1015"/>
				<Command val="20"/>
				<Command val="1013"/>
				<Command val="2"/>
				<Command val="3001"/>
				<Command val="0"/>
				<Command val="8"/>
				<Command val="0"/>
				<Command val="1012"/>
				<Command val="2"/>
				<Command val="1013"/>
				<Command val="4"/>
				<Command val="3001"/>
				<Command val="0"/>
				<Command val="8"/>
				<Command val="0"/>
				<Command val="1012"/>
				<Command val="2"/>
				<Command val="3001"/>
				<Command val="0"/>
				<Command val="6"/>
				<Command val="0"/>
				<Command val="1012"/>
				<Command val="2"/>
				<Command val="5002"/>
				<Command val="46"/>
				<Command val="1012"/>
				<Command val="2"/>
				<Command val="5002"/>
				<Command val="50"/>
				<Command val="1012"/>
				<Command val="2"/>
				<Command val="1012"/>
				<Command val="20"/>
				<Command val="2000"/>
			</Component>
		</Animation>
		<Animation name="Anim_11">
			<Component name="Comp_00" xyz="0,-1,0">
				<Command val="1006"/>
				<Command val="2"/>
				<Command val="2000"/>
			</Component>
		</Animation>
		<Animation name="Anim_12">
			<Component name="Comp_00" xyz="0,-1,0">
				<Command val="1015"/>
				<Command val="2"/>
				<Command val="2000"/>
			</Component>
		</Animation>
		<Animation name="Anim_13">
			<Component name="Comp_00" xyz="0,-1,0">
				<Command val="3001"/>
				<Command val="0"/>
				<Command val="4"/>
				<Command val="0"/>
				<Command val="1000"/>
				<Command val="2"/>
				<Command val="3001"/>
				<Command val="0"/>
				<Command val="6"/>
				<Command val="0"/>
				<Command val="1000"/>
				<Command val="2"/>
				<Command val="1017"/>
				<Command val="2"/>
				<Command val="1016"/>
				<Command val="20"/>
				<Command val="200E"/>
			</Component>
		</Animation>
		<Animation name="Anim_14">
			<Component name="Comp_00" xyz="0,-1,0">
				<Command val="3001"/>
				<Command val="0"/>
				<Command val="4"/>
				<Command val="0"/>
				<Command val="1000"/>
				<Command val="2"/>
				<Command val="3001"/>
				<Command val="0"/>
				<Command val="6"/>
				<Command val="0"/>
				<Command val="1000"/>
				<Command val="2"/>
				<Command val="1017"/>
				<Command val="2"/>
				<Command val="1016"/>
				<Command val="20"/>
				<Command val="1005"/>
				<Command val="2"/>
				<Command val="3001"/>
				<Command val="0"/>
				<Command val="8"/>
				<Command val="0"/>
				<Command val="1000"/>
				<Command val="2"/>
				<Command val="1005"/>
				<Command val="4"/>
				<Command val="3001"/>
				<Command val="0"/>
				<Command val="8"/>
				<Command val="0"/>
				<Command val="1000"/>
				<Command val="2"/>
				<Command val="3001"/>
				<Command val="0"/>
				<Command val="6"/>
				<Command val="0"/>
				<Command val="1000"/>
				<Command val="2"/>
				<Command val="5002"/>
				<Command val="46"/>
				<Command val="1000"/>
				<Command val="2"/>
				<Command val="5002"/>
				<Command val="50"/>
				<Command val="1000"/>
				<Command val="2"/>
				<Command val="1000"/>
				<Command val="20"/>
				<Command val="2000"/>
			</Component>
		</Animation>
	</AnimationList>
</SpriteSheet>
