<?xml version="1.0" encoding="UTF-8"?>
<SpriteTable>
	<NpcSprites>
		<Sprite id="1" src="01" name="World Goombario"/>
		<Sprite id="2" src="02" name="World Kooper"/>
		<Sprite id="3" src="03" name="World Bombette"/>
		<Sprite id="4" src="04" name="World Parakarry"/>
		<Sprite id="5" src="05" name="World Bow"/>
		<Sprite id="6" src="06" name="World Watt"/>
		<Sprite id="7" src="07" name="World Sushie"/>
		<Sprite id="8" src="08" name="World Lakilester"/>
		<Sprite id="9" src="09" name="Battle Goombario"/>
		<Sprite id="A" src="0A" name="Battle Kooper"/>
		<Sprite id="B" src="0B" name="Battle Bombette"/>
		<Sprite id="C" src="0C" name="Battle Parakarry"/>
		<Sprite id="D" src="0D" name="Battle Bow"/>
		<Sprite id="E" src="0E" name="Battle Watt"/>
		<Sprite id="F" src="0F" name="Battle Sushie"/>
		<Sprite id="10" src="10" name="Battle Lakilester"/>
		<Sprite id="11" src="11" name="Kooper Without Shell"/>
		<Sprite id="12" src="12" name="World Eldstar"/>
		<Sprite id="13" src="13" name="World Mamar"/>
		<Sprite id="14" src="14" name="World Skolar"/>
		<Sprite id="15" src="15" name="World Muskular"/>
		<Sprite id="16" src="16" name="World Misstar"/>
		<Sprite id="17" src="17" name="World Klevar"/>
		<Sprite id="18" src="18" name="World Kalmar"/>
		<Sprite id="19" src="19" name="Battle Eldstar"/>
		<Sprite id="1A" src="1A" name="Battle Mamar"/>
		<Sprite id="1B" src="1B" name="Battle Skolar"/>
		<Sprite id="1C" src="1C" name="Battle Muskular"/>
		<Sprite id="1D" src="1D" name="Battle Misstar"/>
		<Sprite id="1E" src="1E" name="Battle Klevar"/>
		<Sprite id="1F" src="1F" name="Battle Kalmar"/>
		<Sprite id="20" src="20" name="Twink"/>
		<Sprite id="21" src="21" name="Jr Troopa"/>
		<Sprite id="22" src="22" name="Spiked Jr Troopa"/>
		<Sprite id="23" src="23" name="Spiked Para Jr Troopa"/>
		<Sprite id="24" src="24" name="Mage Jr Troopa"/>
		<Sprite id="25" src="25" name="Para Jr Troopa"/>
		<Sprite id="26" src="26" name="Goomba"/>
		<Sprite id="27" src="27" name="Spiked Goomba"/>
		<Sprite id="28" src="28" name="Paragoomba"/>
		<Sprite id="29" src="29" name="Koopa Troopa"/>
		<Sprite id="2A" src="2A" name="Para Troopa"/>
		<Sprite id="2B" src="2B" name="Fuzzy"/>
		<Sprite id="2C" src="2C" name="Bombomb"/>
		<Sprite id="2D" src="2D" name="Bullet Bill"/>
		<Sprite id="2E" src="2E" name="Bill Blaster"/>
		<Sprite id="2F" src="2F" name="Monty Mole"/>
		<Sprite id="30" src="30" name="Cleft"/>
		<Sprite id="31" src="31" name="Pokey"/>
		<Sprite id="32" src="32" name="Bandit"/>
		<Sprite id="33" src="33" name="Buzzy Beetle"/>
		<Sprite id="34" src="34" name="Swooper"/>
		<Sprite id="35" src="35" name="Stone Chomp"/>
		<Sprite id="36" src="36" name="Putrid Piranha"/>
		<Sprite id="37" src="37" name="Piranha Plant"/>
		<Sprite id="38" src="38" name="Sentinel"/>
		<Sprite id="39" src="39" name="World Clubba"/>
		<Sprite id="3A" src="3A" name="Battle Clubba"/>
		<Sprite id="3B" src="3B" name="Shy Guy"/>
		<Sprite id="3C" src="3C" name="Groove Guy"/>
		<Sprite id="3D" src="3D" name="Sky Guy"/>
		<Sprite id="3E" src="3E" name="Pyro Guy"/>
		<Sprite id="3F" src="3F" name="Spy Guy"/>
		<Sprite id="40" src="40" name="Medi Guy"/>
		<Sprite id="41" src="41" name="Fuzzipede"/>
		<Sprite id="42" src="42" name="Jungle Guy"/>
		<Sprite id="43" src="43" name="Heart Plant"/>
		<Sprite id="44" src="44" name="Hurt Plant"/>
		<Sprite id="45" src="45" name="M Bush"/>
		<Sprite id="46" src="46" name="Bubble"/>
		<Sprite id="47" src="47" name="Kent C Koopa"/>
		<Sprite id="48" src="48" name="Dayzee"/>
		<Sprite id="49" src="49" name="Lakitu"/>
		<Sprite id="4A" src="4A" name="Spiny"/>
		<Sprite id="4B" src="4B" name="Bzzap"/>
		<Sprite id="4C" src="4C" name="Ruff Puff"/>
		<Sprite id="4D" src="4D" name="Spike Top"/>
		<Sprite id="4E" src="4E" name="Duplighost"/>
		<Sprite id="4F" src="4F" name="Albino Dino"/>
		<Sprite id="50" src="50" name="Blooper"/>
		<Sprite id="51" src="51" name="Baby Blooper"/>
		<Sprite id="52" src="52" name="Gulpit"/>
		<Sprite id="53" src="53" name="Dry Bones"/>
		<Sprite id="54" src="54" name="Thrown Bone"/>
		<Sprite id="55" src="55" name="Bony Beetle"/>
		<Sprite id="56" src="56" name="Magikoopa"/>
		<Sprite id="57" src="57" name="Flying Magikoopa"/>
		<Sprite id="58" src="58" name="World Koopatrol"/>
		<Sprite id="59" src="59" name="Koopatrol"/>
		<Sprite id="5A" src="5A" name="Hammer Bros"/>
		<Sprite id="5B" src="5B" name="Bush Basic"/>
		<Sprite id="5C" src="5C" name="Bush Blocky"/>
		<Sprite id="5D" src="5D" name="Bush Dry"/>
		<Sprite id="5E" src="5E" name="Bush Leafy"/>
		<Sprite id="5F" src="5F" name="Bush Matted"/>
		<Sprite id="60" src="60" name="World Kammy"/>
		<Sprite id="61" src="61" name="Battle Kammy"/>
		<Sprite id="62" src="62" name="Goomba Bros"/>
		<Sprite id="63" src="63" name="Goomba King"/>
		<Sprite id="64" src="64" name="Spiky Goomnut"/>
		<Sprite id="65" src="65" name="Dark Toad"/>
		<Sprite id="66" src="66" name="Koopa Bros"/>
		<Sprite id="67" src="67" name="Buzzar"/>
		<Sprite id="68" src="68" name="Tutankoopa"/>
		<Sprite id="69" src="69" name="Chain Chomp"/>
		<Sprite id="6A" src="6A" name="World Tubba"/>
		<Sprite id="6B" src="6B" name="Battle Tubba"/>
		<Sprite id="6C" src="6C" name="Tubbas Heart"/>
		<Sprite id="6D" src="6D" name="Big Lantern Ghost"/>
		<Sprite id="6E" src="6E" name="Shy Squad Guy"/>
		<Sprite id="6F" src="6F" name="Marshal Guy"/>
		<Sprite id="70" src="70" name="Stilt Guy"/>
		<Sprite id="71" src="71" name="Stilt Guy Unfold"/>
		<Sprite id="72" src="72" name="Shy Stack Guy"/>
		<Sprite id="73" src="73" name="Shy Stack Unfold"/>
		<Sprite id="74" src="74" name="Shy Stack Damage"/>
		<Sprite id="75" src="75" name="Shy Stack Rock"/>
		<Sprite id="76" src="76" name="General Guy"/>
		<Sprite id="77" src="77" name="General Guy Bomb"/>
		<Sprite id="78" src="78" name="Tank Guy"/>
		<Sprite id="79" src="79" name="Lava Piranha Head"/>
		<Sprite id="7A" src="7A" name="Petit Piranha"/>
		<Sprite id="7B" src="7B" name="Lava Bud"/>
		<Sprite id="7C" src="7C" name="Huff N Puff"/>
		<Sprite id="7D" src="7D" name="Tuff Puff"/>
		<Sprite id="7E" src="7E" name="Monstar"/>
		<Sprite id="7F" src="7F" name="Crystal King"/>
		<Sprite id="80" src="80" name="World Bowser"/>
		<Sprite id="81" src="81" name="Battle Bowser"/>
		<Sprite id="82" src="82" name="Luigi"/>
		<Sprite id="83" src="83" name="Toad"/>
		<Sprite id="84" src="84" name="Three Sisters"/>
		<Sprite id="85" src="85" name="Vanna T"/>
		<Sprite id="86" src="86" name="Toad Kid"/>
		<Sprite id="87" src="87" name="Toad Guard"/>
		<Sprite id="88" src="88" name="Harry T"/>
		<Sprite id="89" src="89" name="Toad Minister"/>
		<Sprite id="8A" src="8A" name="Postmaster"/>
		<Sprite id="8B" src="8B" name="Conductor Toad"/>
		<Sprite id="8C" src="8C" name="Train Station Toad"/>
		<Sprite id="8D" src="8D" name="Fishmael"/>
		<Sprite id="8E" src="8E" name="Artist Toad"/>
		<Sprite id="8F" src="8F" name="Koopa"/>
		<Sprite id="90" src="90" name="Koopa Without Shell"/>
		<Sprite id="91" src="91" name="World Bombomb"/>
		<Sprite id="92" src="92" name="Whacka"/>
		<Sprite id="93" src="93" name="Dryite"/>
		<Sprite id="94" src="94" name="Mouser"/>
		<Sprite id="95" src="95" name="Boo"/>
		<Sprite id="96" src="96" name="Yoshi"/>
		<Sprite id="97" src="97" name="Yoshi Kid"/>
		<Sprite id="98" src="98" name="Raven"/>
		<Sprite id="99" src="99" name="Bubulb"/>
		<Sprite id="9A" src="9A" name="Penguin"/>
		<Sprite id="9B" src="9B" name="Shiver Toad"/>
		<Sprite id="9C" src="9C" name="Alt Bandit"/>
		<Sprite id="9D" src="9D" name="Goompa"/>
		<Sprite id="9E" src="9E" name="Goombaria"/>
		<Sprite id="9F" src="9F" name="Gooma"/>
		<Sprite id="A0" src="A0" name="Goompapa"/>
		<Sprite id="A1" src="A1" name="Goomama"/>
		<Sprite id="A2" src="A2" name="The Master"/>
		<Sprite id="A3" src="A3" name="Chan"/>
		<Sprite id="A4" src="A4" name="Lee"/>
		<Sprite id="A5" src="A5" name="Merlon"/>
		<Sprite id="A6" src="A6" name="Chet Rippo"/>
		<Sprite id="A7" src="A7" name="Rowf"/>
		<Sprite id="A8" src="A8" name="Minh T"/>
		<Sprite id="A9" src="A9" name="Russ T"/>
		<Sprite id="AA" src="AA" name="Tayce T"/>
		<Sprite id="AB" src="AB" name="Fice T"/>
		<Sprite id="AC" src="AC" name="Bartender"/>
		<Sprite id="AD" src="AD" name="Chanterelle"/>
		<Sprite id="AE" src="AE" name="Rip Cheato"/>
		<Sprite id="AF" src="AF" name="Chuck Quizmo"/>
		<Sprite id="B0" src="B0" name="Merluvlee"/>
		<Sprite id="B1" src="B1" name="Merlar"/>
		<Sprite id="B2" src="B2" name="Merlow"/>
		<Sprite id="B3" src="B3" name="Star Kid"/>
		<Sprite id="B4" src="B4" name="Kolorado Wife"/>
		<Sprite id="B5" src="B5" name="Koopa Koot"/>
		<Sprite id="B6" src="B6" name="Kolorado"/>
		<Sprite id="B7" src="B7" name="Battle Kolorado"/>
		<Sprite id="B8" src="B8" name="Archeologist"/>
		<Sprite id="B9" src="B9" name="Nomadimouse"/>
		<Sprite id="BA" src="BA" name="World Merlee"/>
		<Sprite id="BB" src="BB" name="Battle Merlee"/>
		<Sprite id="BC" src="BC" name="Disguised Moustafa"/>
		<Sprite id="BD" src="BD" name="Moustafa"/>
		<Sprite id="BE" src="BE" name="Oaklie"/>
		<Sprite id="BF" src="BF" name="Bootler"/>
		<Sprite id="C0" src="C0" name="Yakkey"/>
		<Sprite id="C1" src="C1" name="Gourmet Guy"/>
		<Sprite id="C2" src="C2" name="Village Leader"/>
		<Sprite id="C3" src="C3" name="Leaders Friend"/>
		<Sprite id="C4" src="C4" name="Rafael Raven"/>
		<Sprite id="C5" src="C5" name="Tolielup"/>
		<Sprite id="C6" src="C6" name="Gate Flower"/>
		<Sprite id="C7" src="C7" name="Petunia"/>
		<Sprite id="C8" src="C8" name="Posie"/>
		<Sprite id="C9" src="C9" name="Lily"/>
		<Sprite id="CA" src="CA" name="Rosie"/>
		<Sprite id="CB" src="CB" name="Sun"/>
		<Sprite id="CC" src="CC" name="Lakilulu"/>
		<Sprite id="CD" src="CD" name="Ninji"/>
		<Sprite id="CE" src="CE" name="Mayor Penguin"/>
		<Sprite id="CF" src="CF" name="Mayor Penguin Wife"/>
		<Sprite id="D0" src="D0" name="Penguin Patrol"/>
		<Sprite id="D1" src="D1" name="Herringway"/>
		<Sprite id="D2" src="D2" name="Merle"/>
		<Sprite id="D3" src="D3" name="Star Rod"/>
		<Sprite id="D4" src="D4" name="Fire"/>
		<Sprite id="D5" src="D5" name="Coin"/>
		<Sprite id="D6" src="D6" name="Parade Peach"/>
		<Sprite id="D7" src="D7" name="Parade Koopas"/>
		<Sprite id="D8" src="D8" name="Parade Burnt Bowser"/>
		<Sprite id="D9" src="D9" name="Parade Luigi"/>
		<Sprite id="DA" src="DA" name="Parade Partners"/>
		<Sprite id="DB" src="DB" name="Parade Yoshis"/>
		<Sprite id="DC" src="DC" name="Parade Kolorados"/>
		<Sprite id="DD" src="DD" name="Parade Chicks"/>
		<Sprite id="DE" src="DE" name="Parade Ice Show"/>
		<Sprite id="DF" src="DF" name="Parade Toads"/>
		<Sprite id="E0" src="E0" name="Parade Batons"/>
		<Sprite id="E1" src="E1" name="Parade Drums"/>
		<Sprite id="E2" src="E2" name="Parade Flags"/>
		<Sprite id="E3" src="E3" name="Parade Horns"/>
		<Sprite id="E4" src="E4" name="Parade Tubba Balloon"/>
		<Sprite id="E5" src="E5" name="Parade Wizards"/>
		<Sprite id="E6" src="E6" name="Parade Mario"/>
		<Sprite id="E7" src="E7" name="Parade Shy Guys"/>
		<Sprite id="E8" src="E8" name="Parade Twink"/>
		<Sprite id="E9" src="E9" name="Leaf"/>
	</NpcSprites>
	<PlayerSprites>
		<Sprite id="1" src="01" name="Mario 1"/>
		<Sprite id="2" src="02" name="Mario 2"/>
		<Sprite id="3" src="03" name="Mario 3"/>
		<Sprite id="4" src="04" name="Mario 4"/>
		<Sprite id="5" src="05" name="Mario 5"/>
		<Sprite id="6" src="06" name="Mario 6"/>
		<Sprite id="7" src="07" name="Mario 7"/>
		<Sprite id="8" src="08" name="Mario 8"/>
		<Sprite id="9" src="09" name="Mario 9"/>
		<Sprite id="A" src="0A" name="Peach 1"/>
		<Sprite id="B" src="0B" name="Peach 2"/>
		<Sprite id="C" src="0C" name="Peach 3"/>
		<Sprite id="D" src="0D" name="Peach 4"/>
	</PlayerSprites>
</SpriteTable>
