<?xml version="1.0" encoding="UTF-8"?>
<SpriteSheet maxComponents="1" paletteGroups="2">
	<PaletteList>
		<Palette id="0" src="Palette_00.png"/>
		<Palette id="1" src="Palette_01.png"/>
		<Palette id="2" src="Palette_02.png"/>
		<Palette id="3" src="Palette_03.png"/>
		<Palette id="4" src="Palette_04.png"/>
		<Palette id="5" src="Palette_05.png"/>
		<Palette id="6" src="Palette_06.png"/>
		<Palette id="7" src="Palette_07.png"/>
		<Palette id="8" src="Palette_08.png"/>
	</PaletteList>
	<RasterList>
		<Raster id="0" palette="0" src="Raster_00.png"/>
		<Raster id="1" palette="0" src="Raster_01.png"/>
		<Raster id="2" palette="0" src="Raster_02.png"/>
		<Raster id="3" palette="0" src="Raster_03.png"/>
		<Raster id="4" palette="0" src="Raster_04.png"/>
		<Raster id="5" palette="0" src="Raster_05.png"/>
		<Raster id="6" palette="0" src="Raster_06.png"/>
		<Raster id="7" palette="0" src="Raster_07.png"/>
		<Raster id="8" palette="0" src="Raster_08.png"/>
		<Raster id="9" palette="0" src="Raster_09.png"/>
		<Raster id="A" palette="0" src="Raster_0A.png"/>
		<Raster id="B" palette="0" src="Raster_0B.png"/>
		<Raster id="C" palette="0" src="Raster_0C.png"/>
		<Raster id="D" palette="0" src="Raster_0D.png"/>
		<Raster id="E" palette="0" src="Raster_0E.png"/>
		<Raster id="F" palette="0" src="Raster_0F.png"/>
		<Raster id="10" palette="0" src="Raster_10.png"/>
		<Raster id="11" palette="0" src="Raster_11.png"/>
		<Raster id="12" palette="0" src="Raster_12.png"/>
		<Raster id="13" palette="0" src="Raster_13.png"/>
		<Raster id="14" palette="8" src="Raster_14.png"/>
		<Raster id="15" palette="8" src="Raster_15.png"/>
		<Raster id="16" palette="8" src="Raster_16.png"/>
		<Raster id="17" palette="0" src="Raster_17.png"/>
		<Raster id="18" palette="0" src="Raster_18.png"/>
		<Raster id="19" palette="0" src="Raster_19.png"/>
		<Raster id="1A" palette="0" src="Raster_1A.png"/>
		<Raster id="1B" palette="0" src="Raster_1B.png"/>
		<Raster id="1C" palette="0" src="Raster_1C.png"/>
	</RasterList>
	<AnimationList>
		<Animation name="Anim_00">
			<Component name="Comp_00" xyz="2,0,0">
				<Command val="1000"/>
				<Command val="2"/>
				<Command val="2000"/>
			</Component>
		</Animation>
		<Animation name="Anim_01">
			<Component name="Comp_00" xyz="2,0,0">
				<Command val="1000"/>
				<Command val="14"/>
				<Command val="1001"/>
				<Command val="14"/>
				<Command val="1000"/>
				<Command val="14"/>
				<Command val="7002"/>
				<Command val="2"/>
				<Command val="1001"/>
				<Command val="6"/>
				<Command val="1002"/>
				<Command val="2"/>
				<Command val="1001"/>
				<Command val="6"/>
				<Command val="2000"/>
			</Component>
		</Animation>
		<Animation name="Anim_02">
			<Component name="Comp_00" xyz="2,0,0">
				<Command val="3001"/>
				<Command val="0"/>
				<Command val="8"/>
				<Command val="0"/>
				<Command val="1003"/>
				<Command val="14"/>
				<Command val="1004"/>
				<Command val="6"/>
				<Command val="3001"/>
				<Command val="0"/>
				<Command val="8"/>
				<Command val="0"/>
				<Command val="1005"/>
				<Command val="14"/>
				<Command val="1004"/>
				<Command val="6"/>
				<Command val="2000"/>
			</Component>
		</Animation>
		<Animation name="Anim_03">
			<Component name="Comp_00" xyz="2,0,0">
				<Command val="3001"/>
				<Command val="0"/>
				<Command val="4"/>
				<Command val="0"/>
				<Command val="1003"/>
				<Command val="6"/>
				<Command val="1004"/>
				<Command val="4"/>
				<Command val="3001"/>
				<Command val="0"/>
				<Command val="4"/>
				<Command val="0"/>
				<Command val="1005"/>
				<Command val="6"/>
				<Command val="1004"/>
				<Command val="4"/>
				<Command val="2000"/>
			</Component>
		</Animation>
		<Animation name="Anim_04">
			<Component name="Comp_00" xyz="2,1,0">
				<Command val="3001"/>
				<Command val="0"/>
				<Command val="1"/>
				<Command val="0"/>
				<Command val="101B"/>
				<Command val="2"/>
				<Command val="101A"/>
				<Command val="2"/>
				<Command val="3001"/>
				<Command val="0"/>
				<Command val="1"/>
				<Command val="0"/>
				<Command val="101C"/>
				<Command val="2"/>
				<Command val="101A"/>
				<Command val="2"/>
				<Command val="2000"/>
			</Component>
		</Animation>
		<Animation name="Anim_05">
			<Component name="Comp_00" xyz="2,1,0">
				<Command val="3001"/>
				<Command val="0"/>
				<Command val="1"/>
				<Command val="0"/>
				<Command val="1018"/>
				<Command val="2"/>
				<Command val="1017"/>
				<Command val="2"/>
				<Command val="3001"/>
				<Command val="0"/>
				<Command val="1"/>
				<Command val="0"/>
				<Command val="1019"/>
				<Command val="2"/>
				<Command val="1017"/>
				<Command val="2"/>
				<Command val="2000"/>
			</Component>
		</Animation>
		<Animation name="Anim_06">
			<Component name="Comp_00" xyz="2,0,0">
				<Command val="100B"/>
				<Command val="12"/>
				<Command val="100A"/>
				<Command val="10"/>
				<Command val="100B"/>
				<Command val="12"/>
				<Command val="1009"/>
				<Command val="10"/>
				<Command val="2000"/>
			</Component>
		</Animation>
		<Animation name="Anim_07">
			<Component name="Comp_00" xyz="2,0,0">
				<Command val="100B"/>
				<Command val="A"/>
				<Command val="100A"/>
				<Command val="A"/>
				<Command val="100B"/>
				<Command val="A"/>
				<Command val="1009"/>
				<Command val="A"/>
				<Command val="2000"/>
			</Component>
		</Animation>
		<Animation name="Anim_08">
			<Component name="Comp_00" xyz="-1,0,0">
				<Command val="100D"/>
				<Command val="6"/>
				<Command val="100C"/>
				<Command val="6"/>
				<Command val="2000"/>
			</Component>
		</Animation>
		<Animation name="Anim_09">
			<Component name="Comp_00" xyz="-1,0,0">
				<Command val="1016"/>
				<Command val="6"/>
				<Command val="1015"/>
				<Command val="6"/>
				<Command val="2000"/>
			</Component>
		</Animation>
		<Animation name="Anim_0A">
			<Component name="Comp_00" xyz="-1,0,0">
				<Command val="1014"/>
				<Command val="2"/>
				<Command val="2000"/>
			</Component>
		</Animation>
		<Animation name="Anim_0B">
			<Component name="Comp_00" xyz="-1,0,0">
				<Command val="1010"/>
				<Command val="4"/>
				<Command val="1011"/>
				<Command val="4"/>
				<Command val="1012"/>
				<Command val="4"/>
				<Command val="1013"/>
				<Command val="4"/>
				<Command val="2000"/>
			</Component>
		</Animation>
		<Animation name="Anim_0C">
			<Component name="Comp_00" xyz="-1,0,0">
				<Command val="100E"/>
				<Command val="26"/>
				<Command val="100F"/>
				<Command val="24"/>
				<Command val="2000"/>
			</Component>
		</Animation>
		<Animation name="Anim_0D">
			<Component name="Comp_00" xyz="-1,0,0">
				<Command val="1006"/>
				<Command val="2"/>
				<Command val="1007"/>
				<Command val="2"/>
				<Command val="1008"/>
				<Command val="4"/>
				<Command val="1007"/>
				<Command val="2"/>
				<Command val="1008"/>
				<Command val="2"/>
				<Command val="2008"/>
			</Component>
		</Animation>
		<Animation name="Anim_0E">
			<Component name="Comp_00" xyz="2,0,0">
				<Command val="1000"/>
				<Command val="6"/>
				<Command val="3001"/>
				<Command val="0"/>
				<Command val="8"/>
				<Command val="0"/>
				<Command val="1003"/>
				<Command val="14"/>
				<Command val="2002"/>
			</Component>
		</Animation>
		<Animation name="Anim_0F">
			<Component name="Comp_00" xyz="2,0,0">
				<Command val="1004"/>
				<Command val="6"/>
				<Command val="3001"/>
				<Command val="0"/>
				<Command val="8"/>
				<Command val="0"/>
				<Command val="1005"/>
				<Command val="14"/>
				<Command val="2002"/>
			</Component>
		</Animation>
	</AnimationList>
</SpriteSheet>
