<?xml version="1.0" encoding="UTF-8"?>
<SpriteSheet maxComponents="2" paletteGroups="3">
	<PaletteList>
		<Palette id="0" src="Palette_00.png"/>
		<Palette id="1" src="Palette_01.png"/>
		<Palette id="2" src="Palette_02.png"/>
		<Palette id="3" src="Palette_03.png"/>
		<Palette id="4" src="Palette_04.png"/>
		<Palette id="5" src="Palette_05.png"/>
		<Palette id="6" src="Palette_06.png"/>
		<Palette id="7" src="Palette_07.png"/>
		<Palette id="8" src="Palette_08.png"/>
		<Palette id="9" src="Palette_09.png"/>
		<Palette id="A" src="Palette_0A.png"/>
		<Palette id="B" src="Palette_0B.png"/>
		<Palette id="C" src="Palette_0C.png"/>
	</PaletteList>
	<RasterList>
		<Raster id="0" palette="0" src="Raster_00.png"/>
		<Raster id="1" palette="0" src="Raster_01.png"/>
		<Raster id="2" palette="0" src="Raster_02.png"/>
		<Raster id="3" palette="0" src="Raster_03.png"/>
		<Raster id="4" palette="0" src="Raster_04.png"/>
		<Raster id="5" palette="0" src="Raster_05.png"/>
		<Raster id="6" palette="C" src="Raster_06.png"/>
		<Raster id="7" palette="C" src="Raster_07.png"/>
		<Raster id="8" palette="0" src="Raster_08.png"/>
		<Raster id="9" palette="0" src="Raster_09.png"/>
		<Raster id="A" palette="0" src="Raster_0A.png"/>
		<Raster id="B" palette="0" src="Raster_0B.png"/>
		<Raster id="C" palette="0" src="Raster_0C.png"/>
		<Raster id="D" palette="0" src="Raster_0D.png"/>
		<Raster id="E" palette="0" src="Raster_0E.png"/>
		<Raster id="F" palette="0" src="Raster_0F.png"/>
		<Raster id="10" palette="0" src="Raster_10.png"/>
		<Raster id="11" palette="C" src="Raster_11.png"/>
		<Raster id="12" palette="0" src="Raster_12.png"/>
		<Raster id="13" palette="0" src="Raster_13.png"/>
	</RasterList>
	<AnimationList>
		<Animation name="Anim_00">
			<Component name="Comp_00" xyz="0,0,-2">
				<Command val="1000"/>
				<Command val="2"/>
				<Command val="2000"/>
			</Component>
			<Component name="Comp_01" xyz="0,56,0">
				<Command val="100F"/>
				<Command val="2"/>
				<Command val="2000"/>
			</Component>
		</Animation>
		<Animation name="Anim_01">
			<Component name="Comp_00" xyz="5,0,-2">
				<Command val="4000"/>
				<Command val="0"/>
				<Command val="9"/>
				<Command val="1001"/>
				<Command val="C"/>
				<Command val="3001"/>
				<Command val="FFFF"/>
				<Command val="3"/>
				<Command val="0"/>
				<Command val="4000"/>
				<Command val="0"/>
				<Command val="9"/>
				<Command val="1000"/>
				<Command val="8"/>
				<Command val="2000"/>
			</Component>
			<Component name="Comp_01" xyz="0,65,0">
				<Command val="3001"/>
				<Command val="FFFB"/>
				<Command val="FFF6"/>
				<Command val="0"/>
				<Command val="4000"/>
				<Command val="0"/>
				<Command val="9"/>
				<Command val="100F"/>
				<Command val="C"/>
				<Command val="3001"/>
				<Command val="FFFB"/>
				<Command val="FFFB"/>
				<Command val="0"/>
				<Command val="4000"/>
				<Command val="0"/>
				<Command val="9"/>
				<Command val="100F"/>
				<Command val="8"/>
				<Command val="2000"/>
			</Component>
		</Animation>
		<Animation name="Anim_02">
			<Component name="Comp_00" xyz="5,0,-2">
				<Command val="4000"/>
				<Command val="0"/>
				<Command val="FFF7"/>
				<Command val="1001"/>
				<Command val="C"/>
				<Command val="3001"/>
				<Command val="1"/>
				<Command val="3"/>
				<Command val="0"/>
				<Command val="4000"/>
				<Command val="0"/>
				<Command val="FFF7"/>
				<Command val="1000"/>
				<Command val="8"/>
				<Command val="2000"/>
			</Component>
			<Component name="Comp_01" xyz="0,65,0">
				<Command val="3001"/>
				<Command val="F"/>
				<Command val="FFF6"/>
				<Command val="0"/>
				<Command val="4000"/>
				<Command val="0"/>
				<Command val="FFF7"/>
				<Command val="100F"/>
				<Command val="C"/>
				<Command val="3001"/>
				<Command val="F"/>
				<Command val="FFF9"/>
				<Command val="0"/>
				<Command val="4000"/>
				<Command val="0"/>
				<Command val="FFF7"/>
				<Command val="100F"/>
				<Command val="8"/>
				<Command val="2000"/>
			</Component>
		</Animation>
		<Animation name="Anim_03">
			<Component name="Comp_00" xyz="0,0,-2">
				<Command val="1000"/>
				<Command val="C"/>
				<Command val="3001"/>
				<Command val="0"/>
				<Command val="FFFA"/>
				<Command val="0"/>
				<Command val="1002"/>
				<Command val="12"/>
				<Command val="3001"/>
				<Command val="8"/>
				<Command val="FFF7"/>
				<Command val="0"/>
				<Command val="1005"/>
				<Command val="6"/>
				<Command val="3001"/>
				<Command val="9"/>
				<Command val="FFF6"/>
				<Command val="0"/>
				<Command val="1005"/>
				<Command val="2"/>
				<Command val="3001"/>
				<Command val="8"/>
				<Command val="FFF6"/>
				<Command val="0"/>
				<Command val="1005"/>
				<Command val="2"/>
				<Command val="3001"/>
				<Command val="9"/>
				<Command val="FFF6"/>
				<Command val="0"/>
				<Command val="1005"/>
				<Command val="2"/>
				<Command val="3001"/>
				<Command val="8"/>
				<Command val="FFF6"/>
				<Command val="0"/>
				<Command val="1005"/>
				<Command val="2"/>
				<Command val="3001"/>
				<Command val="9"/>
				<Command val="FFF6"/>
				<Command val="0"/>
				<Command val="1005"/>
				<Command val="2"/>
				<Command val="2026"/>
			</Component>
			<Component name="Comp_01" xyz="0,65,0">
				<Command val="3001"/>
				<Command val="0"/>
				<Command val="FFF8"/>
				<Command val="0"/>
				<Command val="100F"/>
				<Command val="C"/>
				<Command val="3001"/>
				<Command val="FFFF"/>
				<Command val="FFF9"/>
				<Command val="0"/>
				<Command val="100E"/>
				<Command val="12"/>
				<Command val="3001"/>
				<Command val="0"/>
				<Command val="FFF9"/>
				<Command val="0"/>
				<Command val="100F"/>
				<Command val="6"/>
				<Command val="3001"/>
				<Command val="1"/>
				<Command val="FFF9"/>
				<Command val="0"/>
				<Command val="100F"/>
				<Command val="2"/>
				<Command val="3001"/>
				<Command val="0"/>
				<Command val="FFF9"/>
				<Command val="0"/>
				<Command val="100F"/>
				<Command val="2"/>
				<Command val="3001"/>
				<Command val="1"/>
				<Command val="FFF9"/>
				<Command val="0"/>
				<Command val="100F"/>
				<Command val="2"/>
				<Command val="3001"/>
				<Command val="0"/>
				<Command val="FFF9"/>
				<Command val="0"/>
				<Command val="100F"/>
				<Command val="2"/>
				<Command val="3001"/>
				<Command val="1"/>
				<Command val="FFF9"/>
				<Command val="0"/>
				<Command val="100F"/>
				<Command val="2"/>
				<Command val="202A"/>
			</Component>
		</Animation>
		<Animation name="Anim_04">
			<Component name="Comp_00" xyz="0,0,-2">
				<Command val="1000"/>
				<Command val="6"/>
				<Command val="3001"/>
				<Command val="0"/>
				<Command val="FFFF"/>
				<Command val="0"/>
				<Command val="1001"/>
				<Command val="6"/>
				<Command val="2000"/>
			</Component>
			<Component name="Comp_01" xyz="0,65,0">
				<Command val="3001"/>
				<Command val="FFFF"/>
				<Command val="FFF8"/>
				<Command val="0"/>
				<Command val="1008"/>
				<Command val="6"/>
				<Command val="3001"/>
				<Command val="FFFF"/>
				<Command val="FFF6"/>
				<Command val="0"/>
				<Command val="1008"/>
				<Command val="6"/>
				<Command val="2000"/>
			</Component>
		</Animation>
		<Animation name="Anim_05">
			<Component name="Comp_00" xyz="0,0,-2">
				<Command val="1006"/>
				<Command val="6"/>
				<Command val="3001"/>
				<Command val="0"/>
				<Command val="FFFF"/>
				<Command val="0"/>
				<Command val="1007"/>
				<Command val="6"/>
				<Command val="2000"/>
			</Component>
			<Component name="Comp_01" xyz="0,65,0">
				<Command val="3001"/>
				<Command val="FFFF"/>
				<Command val="FFF8"/>
				<Command val="0"/>
				<Command val="1011"/>
				<Command val="6"/>
				<Command val="3001"/>
				<Command val="FFFF"/>
				<Command val="FFF6"/>
				<Command val="0"/>
				<Command val="1011"/>
				<Command val="6"/>
				<Command val="2000"/>
			</Component>
		</Animation>
		<Animation name="Anim_06">
			<Component name="Comp_00" xyz="0,0,-2">
				<Command val="1006"/>
				<Command val="6"/>
				<Command val="2000"/>
			</Component>
			<Component name="Comp_01" xyz="0,65,0">
				<Command val="3001"/>
				<Command val="FFFF"/>
				<Command val="FFF8"/>
				<Command val="0"/>
				<Command val="1011"/>
				<Command val="6"/>
				<Command val="2000"/>
			</Component>
		</Animation>
		<Animation name="Anim_07">
			<Component name="Comp_00" xyz="0,0,-2">
				<Command val="1000"/>
				<Command val="2A"/>
				<Command val="3001"/>
				<Command val="0"/>
				<Command val="FFFA"/>
				<Command val="0"/>
				<Command val="1003"/>
				<Command val="26"/>
				<Command val="2000"/>
			</Component>
			<Component name="Comp_01" xyz="0,65,0">
				<Command val="3001"/>
				<Command val="0"/>
				<Command val="FFF6"/>
				<Command val="0"/>
				<Command val="1010"/>
				<Command val="2A"/>
				<Command val="3001"/>
				<Command val="0"/>
				<Command val="FFF7"/>
				<Command val="0"/>
				<Command val="100D"/>
				<Command val="26"/>
				<Command val="2000"/>
			</Component>
		</Animation>
		<Animation name="Anim_08">
			<Component name="Comp_00" xyz="0,0,-2">
				<Command val="3001"/>
				<Command val="1"/>
				<Command val="0"/>
				<Command val="0"/>
				<Command val="4000"/>
				<Command val="0"/>
				<Command val="3"/>
				<Command val="1000"/>
				<Command val="18"/>
				<Command val="3001"/>
				<Command val="FFFF"/>
				<Command val="0"/>
				<Command val="0"/>
				<Command val="4000"/>
				<Command val="0"/>
				<Command val="FFFA"/>
				<Command val="1000"/>
				<Command val="18"/>
				<Command val="2000"/>
			</Component>
			<Component name="Comp_01" xyz="0,65,0">
				<Command val="3001"/>
				<Command val="FFFD"/>
				<Command val="FFF8"/>
				<Command val="0"/>
				<Command val="4000"/>
				<Command val="0"/>
				<Command val="2"/>
				<Command val="100C"/>
				<Command val="6"/>
				<Command val="3001"/>
				<Command val="FFFD"/>
				<Command val="FFF8"/>
				<Command val="0"/>
				<Command val="4000"/>
				<Command val="0"/>
				<Command val="2"/>
				<Command val="100B"/>
				<Command val="6"/>
				<Command val="3001"/>
				<Command val="FFFD"/>
				<Command val="FFF8"/>
				<Command val="0"/>
				<Command val="4000"/>
				<Command val="0"/>
				<Command val="2"/>
				<Command val="100A"/>
				<Command val="6"/>
				<Command val="3001"/>
				<Command val="FFFD"/>
				<Command val="FFF8"/>
				<Command val="0"/>
				<Command val="4000"/>
				<Command val="0"/>
				<Command val="2"/>
				<Command val="1009"/>
				<Command val="6"/>
				<Command val="3001"/>
				<Command val="5"/>
				<Command val="FFF8"/>
				<Command val="0"/>
				<Command val="4000"/>
				<Command val="0"/>
				<Command val="FFFA"/>
				<Command val="100C"/>
				<Command val="6"/>
				<Command val="3001"/>
				<Command val="5"/>
				<Command val="FFF8"/>
				<Command val="0"/>
				<Command val="4000"/>
				<Command val="0"/>
				<Command val="FFFA"/>
				<Command val="100B"/>
				<Command val="6"/>
				<Command val="3001"/>
				<Command val="5"/>
				<Command val="FFF8"/>
				<Command val="0"/>
				<Command val="4000"/>
				<Command val="0"/>
				<Command val="FFFA"/>
				<Command val="100A"/>
				<Command val="6"/>
				<Command val="3001"/>
				<Command val="5"/>
				<Command val="FFF8"/>
				<Command val="0"/>
				<Command val="4000"/>
				<Command val="0"/>
				<Command val="FFFA"/>
				<Command val="1009"/>
				<Command val="6"/>
				<Command val="2000"/>
			</Component>
		</Animation>
		<Animation name="Anim_09">
			<Component name="Comp_00" xyz="0,0,-2">
				<Command val="1000"/>
				<Command val="6"/>
				<Command val="3001"/>
				<Command val="0"/>
				<Command val="FFFF"/>
				<Command val="0"/>
				<Command val="1001"/>
				<Command val="4"/>
				<Command val="2000"/>
			</Component>
			<Component name="Comp_01" xyz="0,65,0">
				<Command val="3001"/>
				<Command val="0"/>
				<Command val="FFF6"/>
				<Command val="0"/>
				<Command val="1012"/>
				<Command val="6"/>
				<Command val="3001"/>
				<Command val="0"/>
				<Command val="FFF7"/>
				<Command val="0"/>
				<Command val="1012"/>
				<Command val="4"/>
				<Command val="2000"/>
			</Component>
		</Animation>
		<Animation name="Anim_0A">
			<Component name="Comp_00" xyz="0,0,-2">
				<Command val="1000"/>
				<Command val="4"/>
				<Command val="3001"/>
				<Command val="0"/>
				<Command val="FFFF"/>
				<Command val="0"/>
				<Command val="1001"/>
				<Command val="4"/>
				<Command val="2000"/>
			</Component>
			<Component name="Comp_01" xyz="0,65,0">
				<Command val="3001"/>
				<Command val="0"/>
				<Command val="FFF6"/>
				<Command val="0"/>
				<Command val="1012"/>
				<Command val="4"/>
				<Command val="3001"/>
				<Command val="0"/>
				<Command val="FFF7"/>
				<Command val="0"/>
				<Command val="1012"/>
				<Command val="4"/>
				<Command val="2000"/>
			</Component>
		</Animation>
		<Animation name="Anim_0B">
			<Component name="Comp_00" xyz="0,0,-2">
				<Command val="1000"/>
				<Command val="2"/>
				<Command val="3001"/>
				<Command val="0"/>
				<Command val="FFFF"/>
				<Command val="0"/>
				<Command val="1001"/>
				<Command val="2"/>
				<Command val="2000"/>
			</Component>
			<Component name="Comp_01" xyz="0,65,0">
				<Command val="3001"/>
				<Command val="0"/>
				<Command val="FFF6"/>
				<Command val="0"/>
				<Command val="1012"/>
				<Command val="2"/>
				<Command val="3001"/>
				<Command val="0"/>
				<Command val="FFF7"/>
				<Command val="0"/>
				<Command val="1012"/>
				<Command val="2"/>
				<Command val="2000"/>
			</Component>
		</Animation>
		<Animation name="Anim_0C">
			<Component name="Comp_00" xyz="0,0,-2">
				<Command val="1000"/>
				<Command val="A"/>
				<Command val="3001"/>
				<Command val="0"/>
				<Command val="FFFE"/>
				<Command val="0"/>
				<Command val="1001"/>
				<Command val="8"/>
				<Command val="3001"/>
				<Command val="0"/>
				<Command val="FFFD"/>
				<Command val="0"/>
				<Command val="1004"/>
				<Command val="2"/>
				<Command val="2008"/>
			</Component>
			<Component name="Comp_01" xyz="0,65,0">
				<Command val="3001"/>
				<Command val="0"/>
				<Command val="FFF7"/>
				<Command val="0"/>
				<Command val="100F"/>
				<Command val="A"/>
				<Command val="3001"/>
				<Command val="FFFF"/>
				<Command val="FFF4"/>
				<Command val="0"/>
				<Command val="100E"/>
				<Command val="8"/>
				<Command val="3001"/>
				<Command val="0"/>
				<Command val="FFFA"/>
				<Command val="0"/>
				<Command val="100F"/>
				<Command val="2"/>
				<Command val="200C"/>
			</Component>
		</Animation>
		<Animation name="Anim_0D">
			<Component name="Comp_00" xyz="0,0,-2">
				<Command val="3001"/>
				<Command val="0"/>
				<Command val="FFF8"/>
				<Command val="0"/>
				<Command val="1013"/>
				<Command val="2"/>
				<Command val="2000"/>
			</Component>
			<Component name="Comp_01" xyz="0,65,0">
				<Command val="3001"/>
				<Command val="0"/>
				<Command val="FFFC"/>
				<Command val="0"/>
				<Command val="100E"/>
				<Command val="2"/>
				<Command val="2000"/>
			</Component>
		</Animation>
		<Animation name="Anim_0E">
			<Component name="Comp_00" xyz="0,0,-2">
				<Command val="3001"/>
				<Command val="0"/>
				<Command val="FFF8"/>
				<Command val="0"/>
				<Command val="5001"/>
				<Command val="69"/>
				<Command val="5002"/>
				<Command val="5A"/>
				<Command val="1013"/>
				<Command val="2"/>
				<Command val="2000"/>
			</Component>
			<Component name="Comp_01" xyz="0,65,0">
				<Command val="3001"/>
				<Command val="FFFF"/>
				<Command val="FFF5"/>
				<Command val="0"/>
				<Command val="5001"/>
				<Command val="69"/>
				<Command val="5002"/>
				<Command val="5F"/>
				<Command val="100E"/>
				<Command val="2"/>
				<Command val="2000"/>
			</Component>
		</Animation>
	</AnimationList>
</SpriteSheet>
