<?xml version="1.0" encoding="UTF-8"?>
<Map name="jan_07" author="unnamed" background="yos_bg" textures="jan_tex">
	<Editor>
		<Camera pos="-77.000000,79.729797,264.000000" pitch="8.000000" yaw="0.000000"/>
		<Camera pos="-77.000000,65536.000000,24.000000"/>
		<Camera pos="65536.000000,46.000000,24.000000"/>
		<Camera pos="-77.000000,46.000000,65536.000000"/>
	</Editor>
	<ModelTree>
		<Node name="Root" id="25">
			<Node name="g1" id="24">
				<Node name="g2" id="2">
					<Node name="o1" id="0"/>
					<Node name="o2" id="1"/>
				</Node>
				<Node name="g3" id="6">
					<Node name="o5" id="3"/>
					<Node name="o4" id="4"/>
					<Node name="o54" id="5"/>
				</Node>
				<Node name="g8" id="D">
					<Node name="o6" id="7"/>
					<Node name="o7" id="8"/>
					<Node name="o8" id="9"/>
					<Node name="o9" id="A"/>
					<Node name="o10" id="B"/>
					<Node name="o11" id="C"/>
				</Node>
				<Node name="g7" id="10">
					<Node name="o22" id="E"/>
					<Node name="o23" id="F"/>
				</Node>
				<Node name="g13" id="16">
					<Node name="o45" id="11"/>
					<Node name="o46" id="12"/>
					<Node name="o47" id="13"/>
					<Node name="o55" id="14"/>
					<Node name="o56" id="15"/>
				</Node>
				<Node name="g14" id="23">
					<Node name="o29" id="17"/>
					<Node name="o51" id="18"/>
					<Node name="o50" id="19"/>
					<Node name="o24" id="1A"/>
					<Node name="g15" id="1C">
						<Node name="o53" id="1B"/>
					</Node>
					<Node name="g16" id="1E">
						<Node name="o52" id="1D"/>
					</Node>
					<Node name="g17" id="20">
						<Node name="o30" id="1F"/>
					</Node>
					<Node name="g18" id="22">
						<Node name="o25" id="21"/>
					</Node>
				</Node>
			</Node>
		</Node>
	</ModelTree>
	<ColliderTree>
		<Node name="Root" id="12">
			<Node name="g1" id="11">
				<Node name="g2" id="3">
					<Node name="deiliw" id="0"/>
					<Node name="deilitw" id="1"/>
					<Node name="o5" id="2"/>
				</Node>
				<Node name="g3" id="7">
					<Node name="o3" id="4"/>
					<Node name="o54" id="5"/>
					<Node name="o63" id="6"/>
				</Node>
				<Node name="g14" id="E">
					<Node name="o59" id="8"/>
					<Node name="o62" id="9"/>
					<Node name="o65" id="A"/>
					<Node name="o66" id="B"/>
					<Node name="o67" id="C"/>
					<Node name="o68" id="D"/>
				</Node>
				<Node name="g16" id="10">
					<Node name="o64" id="F"/>
				</Node>
			</Node>
		</Node>
	</ColliderTree>
	<ZoneTree>
		<Node name="Root" id="4">
			<Node name="g1" id="3">
				<Node name="o4" id="0"/>
				<Node name="o5" id="1"/>
				<Node name="o6" id="2"/>
			</Node>
		</Node>
	</ZoneTree>
	<MarkerTree>
		<Node name="Root" id="F">
			<Node name="Entrances" id="0">
				<Node name="Entry0" id="FFFFFFFF"/>
			</Node>
			<Node name="NPCs" id="6">
				<Node name="NPC_JungleGuy_10" id="1"/>
				<Node name="NPC_JungleGuy_11" id="2"/>
				<Node name="NPC_PutridPiranha_01" id="3"/>
				<Node name="NPC_PutridPiranha_02" id="4"/>
				<Node name="NPC_YoshiKid_00" id="5"/>
			</Node>
			<Node name="Tree1_Drop1" id="7"/>
			<Node name="TreeFX_Tree1_0" id="8"/>
			<Node name="TreeFX_Tree1_1" id="9"/>
			<Node name="Bomb_80243BB4" id="A"/>
			<Node name="TreeFX_Bush1_0" id="B"/>
			<Node name="TreeFX_Bush2_0" id="C"/>
			<Node name="TreeFX_Bush3_0" id="D"/>
			<Node name="TreeFX_Bush4_0" id="E"/>
		</Node>
	</MarkerTree>
	<LightSets>
		<LightSet name="Lights_None" a="0">
		</LightSet>
		<LightSet name="Lights_80210960" a="0">
		</LightSet>
	</LightSets>
	<Models>
		<Model ver="2" type="ROOT" lightset="1">
			<MapObject name="Root" id="25" dumped="true" fileOffset="3018"/>
			<BoundingBox empty="false" min="-350,-100,-153" max="195,192,201"/>
			<PropertyList>
			</PropertyList>
		</Model>
		<Model ver="2" type="GROUP" lightset="0">
			<MapObject name="g1" id="24" dumped="true" fileOffset="2F9C"/>
			<BoundingBox empty="false" min="-350,-100,-153" max="195,192,201"/>
			<PropertyList>
				<Property v="60,0,0"/>
				<Property v="60,0,1"/>
			</PropertyList>
		</Model>
		<Model ver="2" type="GROUP" lightset="0">
			<MapObject name="g14" id="23" dumped="true" fileOffset="2EF4"/>
			<BoundingBox empty="false" min="-205,0,-135" max="195,144,105"/>
			<PropertyList>
				<Property v="60,0,0"/>
				<Property v="60,0,1"/>
			</PropertyList>
		</Model>
		<Model ver="2" type="GROUP" lightset="0">
			<MapObject name="g18" id="22" dumped="true" fileOffset="2E44"/>
			<BoundingBox empty="false" min="-115,0,-135" max="-35,40,-135"/>
			<TransformMatrix m="1.000000,0.000000,0.000000,-75.000000,0.000000,1.000000,0.000000,0.000000,0.000000,0.000000,1.000000,-135.000000,0.000000,0.000000,0.000000,1.000000"/>
			<PropertyList>
				<Property v="60,0,0"/>
				<Property v="60,0,1"/>
			</PropertyList>
		</Model>
		<Model ver="2" type="MODEL" lightset="0">
			<MapObject name="o25" id="21" dumped="true" fileOffset="2DB0"/>
			<ShapeMesh ver="3" texture="jan_jan_sigemitif">
				<DisplayList>
					<F3DEX2 cmd="E7000000,0"/>
					<F3DEX2 cmd="D9FDFFFF,0"/>
					<F3DEX2 cmd="D9FFFFFF,200400"/>
					<TriangleBatch ver="0">
						<VertexTable>
							<Vertex xyz="40,0,0" uv="2048,0" rgba="0,188,150,255"/>
							<Vertex xyz="40,40,0" uv="2048,1024" rgba="0,243,97,255"/>
							<Vertex xyz="-40,40,0" uv="0,1024" rgba="0,243,97,255"/>
							<Vertex xyz="-40,0,0" rgba="0,188,150,255"/>
						</VertexTable>
						<TriangleList>
							<Triangle ijk="0,1,2"/>
							<Triangle ijk="0,2,3"/>
						</TriangleList>
					</TriangleBatch>
				</DisplayList>
			</ShapeMesh>
			<PropertyList>
				<Property v="5C,0,D"/>
				<Property v="5F,0,0"/>
			</PropertyList>
		</Model>
		<Model ver="2" type="GROUP" lightset="0">
			<MapObject name="g17" id="20" dumped="true" fileOffset="2D28"/>
			<BoundingBox empty="false" min="-156,0,-102" max="-76,40,-102"/>
			<TransformMatrix m="1.000000,0.000000,0.000000,-116.629776,0.000000,1.000000,0.000000,0.000000,0.000000,0.000000,1.000000,-102.655670,0.000000,0.000000,0.000000,1.000000"/>
			<PropertyList>
				<Property v="60,0,0"/>
				<Property v="60,0,1"/>
			</PropertyList>
		</Model>
		<Model ver="2" type="MODEL" lightset="0">
			<MapObject name="o30" id="1F" dumped="true" fileOffset="2C94"/>
			<ShapeMesh ver="3" texture="jan_jan_sigemitif">
				<DisplayList>
					<F3DEX2 cmd="E7000000,0"/>
					<F3DEX2 cmd="D9FDFFFF,0"/>
					<F3DEX2 cmd="D9FFFFFF,200400"/>
					<TriangleBatch ver="0">
						<VertexTable>
							<Vertex xyz="40,40,0" uv="0,1024" rgba="255,255,42,255"/>
							<Vertex xyz="-40,40,0" uv="2048,1024" rgba="255,255,42,255"/>
							<Vertex xyz="-40,0,0" uv="2048,0" rgba="48,243,0,255"/>
							<Vertex xyz="40,0,0" rgba="48,243,0,255"/>
						</VertexTable>
						<TriangleList>
							<Triangle ijk="0,1,2"/>
							<Triangle ijk="0,2,3"/>
						</TriangleList>
					</TriangleBatch>
				</DisplayList>
			</ShapeMesh>
			<PropertyList>
				<Property v="5C,0,D"/>
				<Property v="5F,0,0"/>
			</PropertyList>
		</Model>
		<Model ver="2" type="GROUP" lightset="0">
			<MapObject name="g16" id="1E" dumped="true" fileOffset="2C0C"/>
			<BoundingBox empty="false" min="102,0,66" max="182,40,66"/>
			<TransformMatrix m="1.000000,0.000000,0.000000,142.370239,0.000000,1.000000,0.000000,0.000000,0.000000,0.000000,1.000000,66.344345,0.000000,0.000000,0.000000,1.000000"/>
			<PropertyList>
				<Property v="60,0,0"/>
				<Property v="60,0,1"/>
			</PropertyList>
		</Model>
		<Model ver="2" type="MODEL" lightset="0">
			<MapObject name="o52" id="1D" dumped="true" fileOffset="2B78"/>
			<ShapeMesh ver="3" texture="jan_jan_sigemitif">
				<DisplayList>
					<F3DEX2 cmd="E7000000,0"/>
					<F3DEX2 cmd="D9FDFFFF,0"/>
					<F3DEX2 cmd="D9FFFFFF,200400"/>
					<TriangleBatch ver="0">
						<VertexTable>
							<Vertex xyz="40,40,0" uv="0,1024" rgba="255,255,42,255"/>
							<Vertex xyz="-40,40,0" uv="2048,1024" rgba="255,255,42,255"/>
							<Vertex xyz="-40,0,0" uv="2048,0" rgba="48,243,0,255"/>
							<Vertex xyz="40,0,0" rgba="48,243,0,255"/>
						</VertexTable>
						<TriangleList>
							<Triangle ijk="0,1,2"/>
							<Triangle ijk="0,2,3"/>
						</TriangleList>
					</TriangleBatch>
				</DisplayList>
			</ShapeMesh>
			<PropertyList>
				<Property v="5C,0,D"/>
				<Property v="5F,0,0"/>
			</PropertyList>
		</Model>
		<Model ver="2" type="GROUP" lightset="0">
			<MapObject name="g15" id="1C" dumped="true" fileOffset="2AF0"/>
			<BoundingBox empty="false" min="-145,0,105" max="-65,40,105"/>
			<TransformMatrix m="1.000000,0.000000,0.000000,-105.000000,0.000000,1.000000,0.000000,0.000000,0.000000,0.000000,1.000000,105.000000,0.000000,0.000000,0.000000,1.000000"/>
			<PropertyList>
				<Property v="60,0,0"/>
				<Property v="60,0,1"/>
			</PropertyList>
		</Model>
		<Model ver="2" type="MODEL" lightset="0">
			<MapObject name="o53" id="1B" dumped="true" fileOffset="2A5C"/>
			<ShapeMesh ver="3" texture="jan_jan_sigemitif">
				<DisplayList>
					<F3DEX2 cmd="E7000000,0"/>
					<F3DEX2 cmd="D9FDFFFF,0"/>
					<F3DEX2 cmd="D9FFFFFF,200400"/>
					<TriangleBatch ver="0">
						<VertexTable>
							<Vertex xyz="40,0,0" uv="2048,0" rgba="0,188,150,255"/>
							<Vertex xyz="40,40,0" uv="2048,1024" rgba="0,243,97,255"/>
							<Vertex xyz="-40,40,0" uv="0,1024" rgba="0,243,97,255"/>
							<Vertex xyz="-40,0,0" rgba="0,188,150,255"/>
						</VertexTable>
						<TriangleList>
							<Triangle ijk="0,1,2"/>
							<Triangle ijk="0,2,3"/>
						</TriangleList>
					</TriangleBatch>
				</DisplayList>
			</ShapeMesh>
			<PropertyList>
				<Property v="5C,0,D"/>
				<Property v="5F,0,0"/>
			</PropertyList>
		</Model>
		<Model ver="2" type="MODEL" lightset="0">
			<MapObject name="o24" id="1A" dumped="true" fileOffset="29D4"/>
			<ShapeMesh ver="3" texture="jan_jan_sigemitif">
				<DisplayList>
					<F3DEX2 cmd="E7000000,0"/>
					<F3DEX2 cmd="D9FDFFFF,0"/>
					<F3DEX2 cmd="D9FFFFFF,200400"/>
					<TriangleBatch ver="0">
						<VertexTable>
							<Vertex xyz="56,144,-121" uv="0,1024" rgba="63,254,15,255"/>
							<Vertex xyz="-32,144,-119" uv="2048,1024" rgba="63,254,15,255"/>
							<Vertex xyz="-32,100,-119" uv="2048,0" rgba="0,134,53,255"/>
							<Vertex xyz="56,100,-121" rgba="0,134,53,255"/>
						</VertexTable>
						<TriangleList>
							<Triangle ijk="0,1,2"/>
							<Triangle ijk="0,2,3"/>
						</TriangleList>
					</TriangleBatch>
				</DisplayList>
			</ShapeMesh>
			<PropertyList>
				<Property v="5C,0,D"/>
				<Property v="5F,0,0"/>
			</PropertyList>
		</Model>
		<Model ver="2" type="MODEL" lightset="0">
			<MapObject name="o50" id="19" dumped="true" fileOffset="294C"/>
			<ShapeMesh ver="3" texture="jan_jan_sigemitif">
				<DisplayList>
					<F3DEX2 cmd="E7000000,0"/>
					<F3DEX2 cmd="D9FDFFFF,0"/>
					<F3DEX2 cmd="D9FFFFFF,200400"/>
					<TriangleBatch ver="0">
						<VertexTable>
							<Vertex xyz="13,100,-83" rgba="48,243,0,255"/>
							<Vertex xyz="93,100,-84" uv="2048,0" rgba="48,243,0,255"/>
							<Vertex xyz="93,140,-84" uv="2048,1024" rgba="255,255,42,255"/>
							<Vertex xyz="13,140,-83" uv="0,1024" rgba="255,255,42,255"/>
						</VertexTable>
						<TriangleList>
							<Triangle ijk="0,1,2"/>
							<Triangle ijk="0,2,3"/>
						</TriangleList>
					</TriangleBatch>
				</DisplayList>
			</ShapeMesh>
			<PropertyList>
				<Property v="5C,0,D"/>
				<Property v="5F,0,0"/>
			</PropertyList>
		</Model>
		<Model ver="2" type="MODEL" lightset="0">
			<MapObject name="o51" id="18" dumped="true" fileOffset="28C4"/>
			<ShapeMesh ver="3" texture="jan_jan_sigemitif">
				<DisplayList>
					<F3DEX2 cmd="E7000000,0"/>
					<F3DEX2 cmd="D9FDFFFF,0"/>
					<F3DEX2 cmd="D9FFFFFF,200400"/>
					<TriangleBatch ver="0">
						<VertexTable>
							<Vertex xyz="195,100,-125" uv="2048,0" rgba="0,188,150,255"/>
							<Vertex xyz="195,140,-125" uv="2048,1024" rgba="0,243,97,255"/>
							<Vertex xyz="115,140,-125" uv="0,1024" rgba="0,243,97,255"/>
							<Vertex xyz="115,100,-125" rgba="0,188,150,255"/>
						</VertexTable>
						<TriangleList>
							<Triangle ijk="0,1,2"/>
							<Triangle ijk="0,2,3"/>
						</TriangleList>
					</TriangleBatch>
				</DisplayList>
			</ShapeMesh>
			<PropertyList>
				<Property v="5C,0,D"/>
				<Property v="5F,0,0"/>
			</PropertyList>
		</Model>
		<Model ver="2" type="MODEL" lightset="0">
			<MapObject name="o29" id="17" dumped="true" fileOffset="283C"/>
			<ShapeMesh ver="3" texture="jan_jan_sigemitif">
				<DisplayList>
					<F3DEX2 cmd="E7000000,0"/>
					<F3DEX2 cmd="D9FDFFFF,0"/>
					<F3DEX2 cmd="D9FFFFFF,200400"/>
					<TriangleBatch ver="0">
						<VertexTable>
							<Vertex xyz="-205,0,-130" rgba="0,134,53,255"/>
							<Vertex xyz="-117,0,-130" uv="2048,0" rgba="0,134,53,255"/>
							<Vertex xyz="-117,44,-130" uv="2048,1024" rgba="63,254,15,255"/>
							<Vertex xyz="-205,44,-130" uv="0,1024" rgba="63,254,15,255"/>
						</VertexTable>
						<TriangleList>
							<Triangle ijk="0,1,2"/>
							<Triangle ijk="0,2,3"/>
						</TriangleList>
					</TriangleBatch>
				</DisplayList>
			</ShapeMesh>
			<PropertyList>
				<Property v="5C,0,D"/>
				<Property v="5F,0,0"/>
			</PropertyList>
		</Model>
		<Model ver="2" type="GROUP" lightset="0">
			<MapObject name="g13" id="16" dumped="true" fileOffset="27B4"/>
			<BoundingBox empty="false" min="2,-18,-51" max="179,121,201"/>
			<PropertyList>
				<Property v="60,0,0"/>
				<Property v="60,0,1"/>
			</PropertyList>
		</Model>
		<Model ver="2" type="MODEL" lightset="0">
			<MapObject name="o56" id="15" dumped="true" fileOffset="2710"/>
			<ShapeMesh ver="3" texture="jan_jan_reef02tif">
				<DisplayList>
					<F3DEX2 cmd="E7000000,0"/>
					<F3DEX2 cmd="D9FDFBFF,0"/>
					<F3DEX2 cmd="D9FFFFFF,200000"/>
					<TriangleBatch ver="0">
						<VertexTable>
							<Vertex xyz="128,86,-10" uv="501,5" rgba="205,245,255,255"/>
							<Vertex xyz="142,89,-9" uv="1001,5" rgba="205,245,255,255"/>
							<Vertex xyz="141,101,-20" uv="1001,478" rgba="205,245,255,255"/>
							<Vertex xyz="127,98,-20" uv="501,478" rgba="205,245,255,255"/>
							<Vertex xyz="139,110,-35" uv="1001,1024" rgba="205,245,255,255"/>
							<Vertex xyz="125,107,-36" uv="501,1024" rgba="205,245,255,255"/>
							<Vertex xyz="112,110,-32" uv="0,1024" rgba="205,245,255,255"/>
							<Vertex xyz="113,101,-17" uv="0,478" rgba="205,245,255,255"/>
							<Vertex xyz="114,89,-6" uv="0,5" rgba="205,245,255,255"/>
						</VertexTable>
						<TriangleList>
							<Triangle ijk="0,1,2"/>
							<Triangle ijk="0,2,3"/>
							<Triangle ijk="2,4,5"/>
							<Triangle ijk="2,5,3"/>
							<Triangle ijk="6,7,3"/>
							<Triangle ijk="6,3,5"/>
							<Triangle ijk="7,8,0"/>
							<Triangle ijk="7,0,3"/>
						</TriangleList>
					</TriangleBatch>
				</DisplayList>
			</ShapeMesh>
			<PropertyList>
				<Property v="5C,0,D"/>
				<Property v="5F,0,0"/>
			</PropertyList>
		</Model>
		<Model ver="2" type="MODEL" lightset="0">
			<MapObject name="o55" id="14" dumped="true" fileOffset="2688"/>
			<ShapeMesh ver="3" texture="jan_jan_reef02tif">
				<DisplayList>
					<F3DEX2 cmd="E7000000,0"/>
					<F3DEX2 cmd="D9FDFBFF,0"/>
					<F3DEX2 cmd="D9FFFFFF,200000"/>
					<TriangleBatch ver="0">
						<VertexTable>
							<Vertex xyz="162,87,-11" uv="501,5" rgba="205,245,255,255"/>
							<Vertex xyz="179,92,-20" uv="1001,5" rgba="205,245,255,255"/>
							<Vertex xyz="171,109,-33" uv="1001,478" rgba="205,245,255,255"/>
							<Vertex xyz="153,104,-24" uv="501,478" rgba="205,245,255,255"/>
							<Vertex xyz="159,121,-51" uv="1001,1024" rgba="205,245,255,255"/>
							<Vertex xyz="141,117,-43" uv="501,1024" rgba="205,245,255,255"/>
							<Vertex xyz="126,121,-30" uv="0,1024" rgba="205,245,255,255"/>
							<Vertex xyz="138,109,-11" uv="0,478" rgba="205,245,255,255"/>
							<Vertex xyz="147,92,2" uv="0,5" rgba="205,245,255,255"/>
						</VertexTable>
						<TriangleList>
							<Triangle ijk="0,1,2"/>
							<Triangle ijk="0,2,3"/>
							<Triangle ijk="2,4,5"/>
							<Triangle ijk="2,5,3"/>
							<Triangle ijk="6,7,3"/>
							<Triangle ijk="6,3,5"/>
							<Triangle ijk="7,8,0"/>
							<Triangle ijk="7,0,3"/>
						</TriangleList>
					</TriangleBatch>
				</DisplayList>
			</ShapeMesh>
			<PropertyList>
				<Property v="5C,0,D"/>
				<Property v="5F,0,0"/>
			</PropertyList>
		</Model>
		<Model ver="2" type="MODEL" lightset="0">
			<MapObject name="o47" id="13" dumped="true" fileOffset="2600"/>
			<ShapeMesh ver="3" texture="jan_jan_reef02tif">
				<DisplayList>
					<F3DEX2 cmd="E7000000,0"/>
					<F3DEX2 cmd="D9FDFBFF,0"/>
					<F3DEX2 cmd="D9FFFFFF,200000"/>
					<TriangleBatch ver="0">
						<VertexTable>
							<Vertex xyz="42,-18,194" uv="501,5" rgba="205,245,255,255"/>
							<Vertex xyz="54,-15,201" uv="1001,5" rgba="205,245,255,255"/>
							<Vertex xyz="58,-3,191" uv="1001,478" rgba="205,245,255,255"/>
							<Vertex xyz="46,-6,184" uv="501,478" rgba="205,245,255,255"/>
							<Vertex xyz="64,6,177" uv="1001,1024" rgba="205,245,255,255"/>
							<Vertex xyz="52,3,170" uv="501,1024" rgba="205,245,255,255"/>
							<Vertex xyz="39,6,166" uv="0,1024" rgba="205,245,255,255"/>
							<Vertex xyz="33,-3,180" uv="0,478" rgba="205,245,255,255"/>
							<Vertex xyz="29,-15,190" uv="0,5" rgba="205,245,255,255"/>
						</VertexTable>
						<TriangleList>
							<Triangle ijk="0,1,2"/>
							<Triangle ijk="0,2,3"/>
							<Triangle ijk="2,4,5"/>
							<Triangle ijk="2,5,3"/>
							<Triangle ijk="6,7,3"/>
							<Triangle ijk="6,3,5"/>
							<Triangle ijk="7,8,0"/>
							<Triangle ijk="7,0,3"/>
						</TriangleList>
					</TriangleBatch>
				</DisplayList>
			</ShapeMesh>
			<PropertyList>
				<Property v="5C,0,D"/>
				<Property v="5F,0,0"/>
			</PropertyList>
		</Model>
		<Model ver="2" type="MODEL" lightset="0">
			<MapObject name="o46" id="12" dumped="true" fileOffset="2578"/>
			<ShapeMesh ver="3" texture="jan_jan_reef02tif">
				<DisplayList>
					<F3DEX2 cmd="E7000000,0"/>
					<F3DEX2 cmd="D9FDFBFF,0"/>
					<F3DEX2 cmd="D9FFFFFF,200000"/>
					<TriangleBatch ver="0">
						<VertexTable>
							<Vertex xyz="69,-16,171" uv="501,5" rgba="205,245,255,255"/>
							<Vertex xyz="84,-12,164" uv="1001,5" rgba="205,245,255,255"/>
							<Vertex xyz="78,2,153" uv="1001,478" rgba="205,245,255,255"/>
							<Vertex xyz="62,-2,159" uv="501,478" rgba="205,245,255,255"/>
							<Vertex xyz="68,13,137" uv="1001,1024" rgba="205,245,255,255"/>
							<Vertex xyz="53,9,143" uv="501,1024" rgba="205,245,255,255"/>
							<Vertex xyz="40,13,153" uv="0,1024" rgba="205,245,255,255"/>
							<Vertex xyz="49,2,169" uv="0,478" rgba="205,245,255,255"/>
							<Vertex xyz="56,-12,181" uv="0,5" rgba="205,245,255,255"/>
						</VertexTable>
						<TriangleList>
							<Triangle ijk="0,1,2"/>
							<Triangle ijk="0,2,3"/>
							<Triangle ijk="2,4,5"/>
							<Triangle ijk="2,5,3"/>
							<Triangle ijk="6,7,3"/>
							<Triangle ijk="6,3,5"/>
							<Triangle ijk="7,8,0"/>
							<Triangle ijk="7,0,3"/>
						</TriangleList>
					</TriangleBatch>
				</DisplayList>
			</ShapeMesh>
			<PropertyList>
				<Property v="5C,0,D"/>
				<Property v="5F,0,0"/>
			</PropertyList>
		</Model>
		<Model ver="2" type="MODEL" lightset="0">
			<MapObject name="o45" id="11" dumped="true" fileOffset="24F0"/>
			<ShapeMesh ver="3" texture="jan_jan_reef02tif">
				<DisplayList>
					<F3DEX2 cmd="E7000000,0"/>
					<F3DEX2 cmd="D9FDFBFF,0"/>
					<F3DEX2 cmd="D9FFFFFF,200000"/>
					<TriangleBatch ver="0">
						<VertexTable>
							<Vertex xyz="15,-17,160" uv="501,5" rgba="205,245,255,255"/>
							<Vertex xyz="24,-12,178" uv="1001,5" rgba="205,245,255,255"/>
							<Vertex xyz="37,5,169" uv="1001,478" rgba="205,245,255,255"/>
							<Vertex xyz="28,0,151" uv="501,478" rgba="205,245,255,255"/>
							<Vertex xyz="55,17,157" uv="1001,1024" rgba="205,245,255,255"/>
							<Vertex xyz="47,13,139" uv="501,1024" rgba="205,245,255,255"/>
							<Vertex xyz="33,17,124" uv="0,1024" rgba="205,245,255,255"/>
							<Vertex xyz="15,5,136" uv="0,478" rgba="205,245,255,255"/>
							<Vertex xyz="2,-12,145" uv="0,5" rgba="205,245,255,255"/>
						</VertexTable>
						<TriangleList>
							<Triangle ijk="0,1,2"/>
							<Triangle ijk="0,2,3"/>
							<Triangle ijk="2,4,5"/>
							<Triangle ijk="2,5,3"/>
							<Triangle ijk="6,7,3"/>
							<Triangle ijk="6,3,5"/>
							<Triangle ijk="7,8,0"/>
							<Triangle ijk="7,0,3"/>
						</TriangleList>
					</TriangleBatch>
				</DisplayList>
			</ShapeMesh>
			<PropertyList>
				<Property v="5C,0,D"/>
				<Property v="5F,0,0"/>
			</PropertyList>
		</Model>
		<Model ver="2" type="GROUP" lightset="0">
			<MapObject name="g7" id="10" dumped="true" fileOffset="2468"/>
			<BoundingBox empty="false" min="-288,0,-153" max="-216,54,-83"/>
			<PropertyList>
				<Property v="60,0,0"/>
				<Property v="60,0,1"/>
			</PropertyList>
		</Model>
		<Model ver="2" type="MODEL" lightset="0">
			<MapObject name="o23" id="F" dumped="true" fileOffset="23D0"/>
			<ShapeMesh ver="3" texture="jan_jan_reeftif">
				<DisplayList>
					<F3DEX2 cmd="E7000000,0"/>
					<F3DEX2 cmd="D9FDFBFF,0"/>
					<F3DEX2 cmd="D9FFFFFF,200000"/>
					<TriangleBatch ver="0">
						<VertexTable>
							<Vertex xyz="-284,30,-112" uv="0,2048" rgba="47,118,0,255"/>
							<Vertex xyz="-288,34,-102" uv="512,2048" rgba="47,118,0,255"/>
							<Vertex xyz="-273,34,-96" uv="512,1536" rgba="47,118,0,255"/>
							<Vertex xyz="-269,30,-106" uv="0,1536" rgba="117,196,0,255"/>
							<Vertex xyz="-280,36,-122" uv="-512,2048" rgba="47,118,0,255"/>
							<Vertex xyz="-265,35,-116" uv="-512,1536" rgba="47,118,0,255"/>
							<Vertex xyz="-272,34,-95" uv="512,1536" rgba="47,118,0,255"/>
							<Vertex xyz="-257,28,-90" uv="512,1024" rgba="47,118,0,255"/>
							<Vertex xyz="-255,24,-101" uv="0,1024" rgba="117,196,0,255"/>
							<Vertex xyz="-264,35,-115" uv="-512,1536" rgba="47,118,0,255"/>
							<Vertex xyz="-249,29,-110" uv="-512,1024" rgba="47,118,0,255"/>
							<Vertex xyz="-256,27,-89" uv="512,1024" rgba="47,118,0,255"/>
							<Vertex xyz="-245,17,-86" uv="512,512" rgba="47,118,0,255"/>
							<Vertex xyz="-244,14,-97" uv="0,512" rgba="117,196,0,255"/>
							<Vertex xyz="-248,29,-110" uv="-512,1024" rgba="47,118,0,255"/>
							<Vertex xyz="-237,18,-106" uv="-512,512" rgba="47,118,0,255"/>
							<Vertex xyz="-235,17,-105" uv="-512,512" rgba="47,118,0,255"/>
							<Vertex xyz="-236,0,-95" rgba="117,196,0,255"/>
							<Vertex xyz="-228,3,-103" uv="-512,0" rgba="47,118,0,255"/>
							<Vertex xyz="-243,15,-85" uv="512,512" rgba="47,118,0,255"/>
							<Vertex xyz="-236,1,-83" uv="512,0" rgba="47,118,0,255"/>
						</VertexTable>
						<TriangleList>
							<Triangle ijk="0,1,2"/>
							<Triangle ijk="0,2,3"/>
							<Triangle ijk="4,0,3"/>
							<Triangle ijk="4,3,5"/>
							<Triangle ijk="3,6,7"/>
							<Triangle ijk="3,7,8"/>
							<Triangle ijk="9,3,8"/>
							<Triangle ijk="9,8,10"/>
							<Triangle ijk="8,11,12"/>
							<Triangle ijk="8,12,13"/>
							<Triangle ijk="14,8,13"/>
							<Triangle ijk="14,13,15"/>
							<Triangle ijk="16,13,17"/>
							<Triangle ijk="16,17,18"/>
							<Triangle ijk="13,19,20"/>
							<Triangle ijk="13,20,17"/>
						</TriangleList>
					</TriangleBatch>
				</DisplayList>
			</ShapeMesh>
			<PropertyList>
				<Property v="5C,0,D"/>
				<Property v="5F,0,0"/>
			</PropertyList>
		</Model>
		<Model ver="2" type="MODEL" lightset="0">
			<MapObject name="o22" id="E" dumped="true" fileOffset="2348"/>
			<ShapeMesh ver="3" texture="jan_jan_reeftif">
				<DisplayList>
					<F3DEX2 cmd="E7000000,0"/>
					<F3DEX2 cmd="D9FDFBFF,0"/>
					<F3DEX2 cmd="D9FFFFFF,200000"/>
					<TriangleBatch ver="0">
						<VertexTable>
							<Vertex xyz="-264,48,-146" uv="0,2048" rgba="89,152,74,255"/>
							<Vertex xyz="-274,54,-138" uv="512,2048" rgba="89,152,74,255"/>
							<Vertex xyz="-263,50,-122" uv="512,1536" rgba="89,152,74,255"/>
							<Vertex xyz="-252,44,-130" uv="0,1536"/>
							<Vertex xyz="-252,54,-153" uv="-512,2048" rgba="89,152,74,255"/>
							<Vertex xyz="-240,50,-137" uv="-512,1536" rgba="89,152,74,255"/>
							<Vertex xyz="-262,50,-120" uv="512,1536" rgba="89,152,74,255"/>
							<Vertex xyz="-252,40,-106" uv="512,1024" rgba="89,152,74,255"/>
							<Vertex xyz="-242,34,-116" uv="0,1024"/>
							<Vertex xyz="-239,50,-136" uv="-512,1536" rgba="89,152,74,255"/>
							<Vertex xyz="-229,40,-121" uv="-512,1024" rgba="89,152,74,255"/>
							<Vertex xyz="-251,38,-104" uv="512,1024" rgba="89,152,74,255"/>
							<Vertex xyz="-243,23,-94" uv="512,512" rgba="89,152,74,255"/>
							<Vertex xyz="-235,19,-106" uv="0,512"/>
							<Vertex xyz="-228,38,-120" uv="-512,1024" rgba="89,152,74,255"/>
							<Vertex xyz="-221,23,-109" uv="-512,512" rgba="89,152,74,255"/>
							<Vertex xyz="-220,21,-109" uv="-512,512" rgba="89,152,74,255"/>
							<Vertex xyz="-231,0,-100"/>
							<Vertex xyz="-216,2,-103" uv="-512,0" rgba="89,152,74,255"/>
							<Vertex xyz="-243,21,-93" uv="512,512" rgba="89,152,74,255"/>
							<Vertex xyz="-239,2,-87" uv="512,0" rgba="89,152,74,255"/>
							<Vertex xyz="-231,0,-100"/>
						</VertexTable>
						<TriangleList>
							<Triangle ijk="0,1,2"/>
							<Triangle ijk="0,2,3"/>
							<Triangle ijk="4,0,3"/>
							<Triangle ijk="4,3,5"/>
							<Triangle ijk="3,6,7"/>
							<Triangle ijk="3,7,8"/>
							<Triangle ijk="9,3,8"/>
							<Triangle ijk="9,8,10"/>
							<Triangle ijk="8,11,12"/>
							<Triangle ijk="8,12,13"/>
							<Triangle ijk="14,8,13"/>
							<Triangle ijk="14,13,15"/>
							<Triangle ijk="16,13,17"/>
							<Triangle ijk="16,17,18"/>
							<Triangle ijk="13,19,20"/>
							<Triangle ijk="13,20,21"/>
						</TriangleList>
					</TriangleBatch>
				</DisplayList>
			</ShapeMesh>
			<PropertyList>
				<Property v="5C,0,D"/>
				<Property v="5F,0,0"/>
			</PropertyList>
		</Model>
		<Model ver="2" type="GROUP" lightset="0">
			<MapObject name="g8" id="D" dumped="true" fileOffset="22C0"/>
			<BoundingBox empty="false" min="-262,0,-140" max="-69,192,-59"/>
			<PropertyList>
				<Property v="60,0,0"/>
				<Property v="60,0,1"/>
			</PropertyList>
		</Model>
		<Model ver="2" type="MODEL" lightset="0">
			<MapObject name="o11" id="C" dumped="true" fileOffset="2218"/>
			<ShapeMesh ver="3" texture="jan_jan_treetif">
				<DisplayList>
					<F3DEX2 cmd="E7000000,0"/>
					<F3DEX2 cmd="D9FDFFFF,0"/>
					<F3DEX2 cmd="D9FFFFFF,200400"/>
					<TriangleBatch ver="0">
						<VertexTable>
							<Vertex xyz="-167,127,-59" uv="0,1024" rgba="12,208,12,255"/>
							<Vertex xyz="-215,127,-59" uv="1024,1024" rgba="170,204,120,255"/>
							<Vertex xyz="-215,63,-59" uv="1024,0" rgba="113,211,113,255"/>
							<Vertex xyz="-167,63,-59" rgba="12,208,12,255"/>
							<Vertex xyz="-262,127,-59" uv="2048,1024" rgba="12,208,12,255"/>
							<Vertex xyz="-262,63,-59" uv="2048,0" rgba="12,208,12,255"/>
						</VertexTable>
						<TriangleList>
							<Triangle ijk="0,1,2"/>
							<Triangle ijk="0,2,3"/>
							<Triangle ijk="1,4,5"/>
							<Triangle ijk="1,5,2"/>
						</TriangleList>
					</TriangleBatch>
				</DisplayList>
			</ShapeMesh>
			<PropertyList>
				<Property v="5C,0,D"/>
				<Property v="5F,0,0"/>
			</PropertyList>
		</Model>
		<Model ver="2" type="MODEL" lightset="0">
			<MapObject name="o10" id="B" dumped="true" fileOffset="2190"/>
			<ShapeMesh ver="3" texture="jan_jan_treetif">
				<DisplayList>
					<F3DEX2 cmd="E7000000,0"/>
					<F3DEX2 cmd="D9FDFFFF,0"/>
					<F3DEX2 cmd="D9FFFFFF,200400"/>
					<TriangleBatch ver="0">
						<VertexTable>
							<Vertex xyz="-74,127,-104" uv="0,1024" rgba="7,128,7,255"/>
							<Vertex xyz="-127,127,-104" uv="1024,1024" rgba="127,184,89,255"/>
							<Vertex xyz="-127,56,-104" uv="1024,0" rgba="90,160,43,255"/>
							<Vertex xyz="-74,56,-104" rgba="7,128,7,255"/>
							<Vertex xyz="-181,127,-104" uv="2048,1024" rgba="7,128,7,255"/>
							<Vertex xyz="-181,56,-104" uv="2048,0" rgba="7,128,7,255"/>
						</VertexTable>
						<TriangleList>
							<Triangle ijk="0,1,2"/>
							<Triangle ijk="0,2,3"/>
							<Triangle ijk="1,4,5"/>
							<Triangle ijk="1,5,2"/>
						</TriangleList>
					</TriangleBatch>
				</DisplayList>
			</ShapeMesh>
			<PropertyList>
				<Property v="5C,0,D"/>
				<Property v="5F,0,0"/>
			</PropertyList>
		</Model>
		<Model ver="2" type="MODEL" lightset="0">
			<MapObject name="o9" id="A" dumped="true" fileOffset="2108"/>
			<ShapeMesh ver="3" texture="jan_jan_treetif">
				<DisplayList>
					<F3DEX2 cmd="E7000000,0"/>
					<F3DEX2 cmd="D9FDFFFF,0"/>
					<F3DEX2 cmd="D9FFFFFF,200400"/>
					<TriangleBatch ver="0">
						<VertexTable>
							<Vertex xyz="-69,192,-79" uv="0,1024" rgba="74,224,37,255"/>
							<Vertex xyz="-122,192,-79" uv="1024,1024" rgba="210,224,156,255"/>
							<Vertex xyz="-122,121,-79" uv="1024,0" rgba="174,232,87,255"/>
							<Vertex xyz="-69,121,-79" rgba="74,224,37,255"/>
							<Vertex xyz="-176,192,-79" uv="2048,1024" rgba="74,224,37,255"/>
							<Vertex xyz="-176,121,-79" uv="2048,0" rgba="74,224,37,255"/>
						</VertexTable>
						<TriangleList>
							<Triangle ijk="0,1,2"/>
							<Triangle ijk="0,2,3"/>
							<Triangle ijk="1,4,5"/>
							<Triangle ijk="1,5,2"/>
						</TriangleList>
					</TriangleBatch>
				</DisplayList>
			</ShapeMesh>
			<PropertyList>
				<Property v="5C,0,D"/>
				<Property v="5F,0,0"/>
			</PropertyList>
		</Model>
		<Model ver="2" type="MODEL" lightset="0">
			<MapObject name="o8" id="9" dumped="true" fileOffset="2080"/>
			<ShapeMesh ver="3" texture="jan_jan_treetif">
				<DisplayList>
					<F3DEX2 cmd="E7000000,0"/>
					<F3DEX2 cmd="D9FDFFFF,0"/>
					<F3DEX2 cmd="D9FFFFFF,200400"/>
					<TriangleBatch ver="0">
						<VertexTable>
							<Vertex xyz="-143,186,-74" uv="0,1024" rgba="35,144,8,255"/>
							<Vertex xyz="-202,186,-74" uv="1024,1024" rgba="210,224,156,255"/>
							<Vertex xyz="-202,107,-74" uv="1024,0" rgba="174,232,87,255"/>
							<Vertex xyz="-143,107,-74" rgba="35,144,8,255"/>
							<Vertex xyz="-261,186,-74" uv="2048,1024" rgba="35,144,8,255"/>
							<Vertex xyz="-261,107,-74" uv="2048,0" rgba="35,144,8,255"/>
						</VertexTable>
						<TriangleList>
							<Triangle ijk="0,1,2"/>
							<Triangle ijk="0,2,3"/>
							<Triangle ijk="1,4,5"/>
							<Triangle ijk="1,5,2"/>
						</TriangleList>
					</TriangleBatch>
				</DisplayList>
			</ShapeMesh>
			<PropertyList>
				<Property v="5C,0,D"/>
				<Property v="5F,0,0"/>
			</PropertyList>
		</Model>
		<Model ver="2" type="MODEL" lightset="0">
			<MapObject name="o7" id="8" dumped="true" fileOffset="1FF8"/>
			<ShapeMesh ver="3" texture="jan_jan_treetif">
				<DisplayList>
					<F3DEX2 cmd="E7000000,0"/>
					<F3DEX2 cmd="D9FDFFFF,0"/>
					<F3DEX2 cmd="D9FFFFFF,200400"/>
					<TriangleBatch ver="0">
						<VertexTable>
							<Vertex xyz="-211,82,-64" rgba="74,224,37,255"/>
							<Vertex xyz="-152,82,-64" uv="1024,0" rgba="174,232,87,255"/>
							<Vertex xyz="-152,161,-64" uv="1024,1024"/>
							<Vertex xyz="-211,161,-64" uv="0,1024" rgba="74,224,37,255"/>
							<Vertex xyz="-93,82,-64" uv="2048,0" rgba="74,224,37,255"/>
							<Vertex xyz="-93,161,-64" uv="2048,1024" rgba="74,224,37,255"/>
						</VertexTable>
						<TriangleList>
							<Triangle ijk="0,1,2"/>
							<Triangle ijk="0,2,3"/>
							<Triangle ijk="1,4,5"/>
							<Triangle ijk="1,5,2"/>
						</TriangleList>
					</TriangleBatch>
				</DisplayList>
			</ShapeMesh>
			<PropertyList>
				<Property v="5C,0,D"/>
				<Property v="5F,0,0"/>
			</PropertyList>
		</Model>
		<Model ver="2" type="MODEL" lightset="0">
			<MapObject name="o6" id="7" dumped="true" fileOffset="1F70"/>
			<ShapeMesh ver="3" texture="jan_yasiki2tif">
				<DisplayList>
					<F3DEX2 cmd="E7000000,0"/>
					<F3DEX2 cmd="D9FDFFFF,0"/>
					<F3DEX2 cmd="D9FFFFFF,200400"/>
					<TriangleBatch ver="0">
						<VertexTable>
							<Vertex xyz="-160,15,-105" uv="284,128" rgba="73,122,0,255"/>
							<Vertex xyz="-169,30,-97" uv="217,220" rgba="116,116,0,255"/>
							<Vertex xyz="-174,0,-98" uv="234,29" rgba="10,50,0,255"/>
							<Vertex xyz="-146,0,-115" uv="300,53" rgba="90,144,8,255"/>
							<Vertex xyz="-179,15,-89" uv="176,119" rgba="73,122,0,255"/>
							<Vertex xyz="-178,0,-72" uv="169,31" rgba="90,144,8,255"/>
							<Vertex xyz="-188,15,-86" uv="134,105" rgba="73,122,0,255"/>
							<Vertex xyz="-198,40,-90" uv="78,183" rgba="116,116,0,255"/>
							<Vertex xyz="-198,0,-90" uv="107,-8" rgba="10,50,0,255"/>
							<Vertex xyz="-165,70,-98" uv="33,465" rgba="19,97,0,255"/>
							<Vertex xyz="-185,70,-93" uv="40,441" rgba="73,122,0,255"/>
							<Vertex xyz="-165,70,-98" uv="545,465" rgba="19,97,0,255"/>
							<Vertex xyz="-177,30,-120" uv="400,199" rgba="17,87,0,255"/>
							<Vertex xyz="-170,70,-113" uv="459,451" rgba="73,122,0,255"/>
							<Vertex xyz="-163,15,-115" uv="334,120" rgba="73,122,0,255"/>
							<Vertex xyz="-182,0,-121" uv="363,8" rgba="10,50,0,255"/>
							<Vertex xyz="-202,0,-140" uv="425,-31" rgba="90,144,8,255"/>
							<Vertex xyz="-191,15,-126" uv="420,86" rgba="73,122,0,255"/>
							<Vertex xyz="-201,15,-122" uv="456,72" rgba="73,122,0,255"/>
							<Vertex xyz="-206,40,-113" uv="497,162" rgba="116,116,0,255"/>
							<Vertex xyz="-191,70,-109" uv="503,427" rgba="73,122,0,255"/>
							<Vertex xyz="-206,0,-113" uv="490,-29" rgba="10,50,0,255"/>
							<Vertex xyz="-217,15,-92" uv="55,71" rgba="73,122,0,255"/>
							<Vertex xyz="-240,0,-92" uv="44,-53" rgba="90,144,8,255"/>
							<Vertex xyz="-240,0,-92" uv="556,-53" rgba="90,144,8,255"/>
							<Vertex xyz="-221,15,-101" uv="531,63" rgba="73,122,0,255"/>
							<Vertex xyz="-198,40,-90" uv="590,183" rgba="116,116,0,255"/>
							<Vertex xyz="-185,70,-93" uv="552,441" rgba="73,122,0,255"/>
							<Vertex xyz="-217,15,-92" uv="567,71" rgba="73,122,0,255"/>
							<Vertex xyz="-221,15,-101" uv="19,63" rgba="73,122,0,255"/>
							<Vertex xyz="-186,150,-108" uv="507,937" rgba="73,122,0,255"/>
							<Vertex xyz="-170,150,-113" uv="487,961" rgba="17,87,0,255"/>
							<Vertex xyz="-165,150,-98" uv="521,975" rgba="19,97,0,255"/>
							<Vertex xyz="-180,150,-92" uv="534,951" rgba="116,116,0,255"/>
							<Vertex xyz="-165,150,-98" uv="9,975" rgba="19,97,0,255"/>
							<Vertex xyz="-180,150,-92" uv="22,951" rgba="116,116,0,255"/>
						</VertexTable>
						<TriangleList>
							<Triangle ijk="0,1,2"/>
							<Triangle ijk="3,0,2"/>
							<Triangle ijk="2,1,4"/>
							<Triangle ijk="2,4,5"/>
							<Triangle ijk="6,5,4"/>
							<Triangle ijk="1,7,6"/>
							<Triangle ijk="1,6,4"/>
							<Triangle ijk="5,6,8"/>
							<Triangle ijk="7,1,9"/>
							<Triangle ijk="7,9,10"/>
							<Triangle ijk="11,1,12"/>
							<Triangle ijk="11,12,13"/>
							<Triangle ijk="1,0,14"/>
							<Triangle ijk="1,14,12"/>
							<Triangle ijk="0,3,14"/>
							<Triangle ijk="15,14,3"/>
							<Triangle ijk="16,17,15"/>
							<Triangle ijk="15,12,14"/>
							<Triangle ijk="17,12,15"/>
							<Triangle ijk="12,17,18"/>
							<Triangle ijk="12,18,19"/>
							<Triangle ijk="13,12,19"/>
							<Triangle ijk="13,19,20"/>
							<Triangle ijk="17,16,18"/>
							<Triangle ijk="21,18,16"/>
							<Triangle ijk="6,7,8"/>
							<Triangle ijk="8,7,22"/>
							<Triangle ijk="8,22,23"/>
							<Triangle ijk="21,19,18"/>
							<Triangle ijk="24,25,21"/>
							<Triangle ijk="25,19,21"/>
							<Triangle ijk="19,26,27"/>
							<Triangle ijk="19,27,20"/>
							<Triangle ijk="19,25,28"/>
							<Triangle ijk="19,28,26"/>
							<Triangle ijk="29,23,22"/>
							<Triangle ijk="30,31,13"/>
							<Triangle ijk="30,13,20"/>
							<Triangle ijk="31,32,11"/>
							<Triangle ijk="31,11,13"/>
							<Triangle ijk="27,33,30"/>
							<Triangle ijk="27,30,20"/>
							<Triangle ijk="9,34,35"/>
							<Triangle ijk="9,35,10"/>
						</TriangleList>
					</TriangleBatch>
				</DisplayList>
			</ShapeMesh>
			<PropertyList>
				<Property v="5C,0,1"/>
				<Property v="5F,0,0"/>
			</PropertyList>
		</Model>
		<Model ver="2" type="GROUP" lightset="0">
			<MapObject name="g3" id="6" dumped="true" fileOffset="1EE8"/>
			<BoundingBox empty="false" min="-250,-100,-150" max="190,100,160"/>
			<PropertyList>
				<Property v="60,0,0"/>
				<Property v="60,0,1"/>
			</PropertyList>
		</Model>
		<Model ver="2" type="MODEL" lightset="0">
			<MapObject name="o54" id="5" dumped="true" fileOffset="1E4C"/>
			<ShapeMesh ver="3" texture="jan_jan_kabetif">
				<DisplayList>
					<F3DEX2 cmd="E7000000,0"/>
					<F3DEX2 cmd="D9FDFFFF,0"/>
					<F3DEX2 cmd="D9FFFFFF,200400"/>
					<TriangleBatch ver="0">
						<VertexTable>
							<Vertex xyz="190,0,-40" uv="1536,0"/>
							<Vertex xyz="190,100,-40" uv="1536,1024"/>
							<Vertex xyz="130,100,-30" uv="819,1024"/>
							<Vertex xyz="130,0,-30" uv="819,0"/>
							<Vertex xyz="50,100,-40" uv="162,1024"/>
							<Vertex xyz="50,0,-40" uv="162,0"/>
							<Vertex xyz="50,0,-40" uv="162,0"/>
							<Vertex xyz="-20,100,-80" uv="-473,1024"/>
							<Vertex xyz="-20,0,-80" uv="-473,0"/>
							<Vertex xyz="-20,0,-80" uv="573,0"/>
							<Vertex xyz="-20,100,-80" uv="573,1024"/>
							<Vertex xyz="-40,100,-150" uv="0,1024"/>
							<Vertex xyz="-40,0,-150"/>
						</VertexTable>
						<TriangleList>
							<Triangle ijk="0,1,2"/>
							<Triangle ijk="0,2,3"/>
							<Triangle ijk="3,2,4"/>
							<Triangle ijk="3,4,5"/>
							<Triangle ijk="6,4,7"/>
							<Triangle ijk="6,7,8"/>
							<Triangle ijk="9,10,11"/>
							<Triangle ijk="9,11,12"/>
						</TriangleList>
					</TriangleBatch>
				</DisplayList>
			</ShapeMesh>
			<PropertyList>
				<Property v="5C,0,1"/>
				<Property v="5F,0,0"/>
			</PropertyList>
		</Model>
		<Model ver="2" type="MODEL" lightset="0">
			<MapObject name="o4" id="4" dumped="true" fileOffset="1DC4"/>
			<ShapeMesh ver="3" texture="jan_jan_kabetif">
				<DisplayList>
					<F3DEX2 cmd="E7000000,0"/>
					<F3DEX2 cmd="D9FDFFFF,0"/>
					<F3DEX2 cmd="D9FFFFFF,200400"/>
					<TriangleBatch ver="0">
						<VertexTable>
							<Vertex xyz="80,0,150" uv="614,1024"/>
							<Vertex xyz="80,-100,150" uv="614,0"/>
							<Vertex xyz="130,-100,160" uv="1137,0"/>
							<Vertex xyz="130,0,160" uv="1137,1024"/>
							<Vertex xyz="130,0,160" uv="102,1024"/>
							<Vertex xyz="130,-100,160" uv="102,0"/>
							<Vertex xyz="190,-100,160" uv="717,0"/>
							<Vertex xyz="190,0,160" uv="717,1024"/>
							<Vertex xyz="190,0,160" uv="-307,1024"/>
							<Vertex xyz="190,-100,160" uv="-307,0"/>
							<Vertex xyz="190,-100,-150" uv="2867,0"/>
							<Vertex xyz="190,0,-150" uv="2867,1024"/>
							<Vertex xyz="-250,0,-150" uv="-1536,1024"/>
							<Vertex xyz="-250,-100,-150" uv="-1536,0"/>
							<Vertex xyz="-250,-100,100" uv="1024,0"/>
							<Vertex xyz="-250,0,100" uv="1024,1024"/>
							<Vertex xyz="50,0,130" uv="205,1024"/>
							<Vertex xyz="50,-100,130" uv="205,0"/>
							<Vertex xyz="80,-100,150" uv="574,0"/>
							<Vertex xyz="80,0,150" uv="574,1024"/>
							<Vertex xyz="-250,0,100" uv="0,1024"/>
							<Vertex xyz="-250,-100,100"/>
							<Vertex xyz="-227,-100,131" uv="394,0"/>
							<Vertex xyz="-227,0,131" uv="394,1024"/>
							<Vertex xyz="-227,0,131" uv="410,1024"/>
							<Vertex xyz="-227,-100,131" uv="410,0"/>
							<Vertex xyz="-167,-100,150" uv="1054,0"/>
							<Vertex xyz="-167,0,150" uv="1054,1024"/>
							<Vertex xyz="-167,0,150" uv="60,1024"/>
							<Vertex xyz="-167,-100,150" uv="60,0"/>
							<Vertex xyz="-93,-100,150" uv="819,0"/>
							<Vertex xyz="-93,0,150" uv="819,1024"/>
							<Vertex xyz="-93,0,150" uv="789,1024"/>
							<Vertex xyz="-93,-100,150" uv="789,0"/>
							<Vertex xyz="-33,-100,131" uv="1434,0"/>
							<Vertex xyz="-33,0,131" uv="1434,1024"/>
							<Vertex xyz="-33,0,131" uv="-644,1024"/>
							<Vertex xyz="-33,-100,131" uv="-644,0"/>
							<Vertex xyz="50,-100,130" uv="205,0"/>
							<Vertex xyz="50,0,130" uv="205,1024"/>
						</VertexTable>
						<TriangleList>
							<Triangle ijk="0,1,2"/>
							<Triangle ijk="0,2,3"/>
							<Triangle ijk="4,5,6"/>
							<Triangle ijk="4,6,7"/>
							<Triangle ijk="8,9,10"/>
							<Triangle ijk="8,10,11"/>
							<Triangle ijk="12,13,14"/>
							<Triangle ijk="12,14,15"/>
							<Triangle ijk="16,17,18"/>
							<Triangle ijk="16,18,19"/>
							<Triangle ijk="20,21,22"/>
							<Triangle ijk="20,22,23"/>
							<Triangle ijk="24,25,26"/>
							<Triangle ijk="24,26,27"/>
							<Triangle ijk="28,29,30"/>
							<Triangle ijk="28,30,31"/>
							<Triangle ijk="32,33,34"/>
							<Triangle ijk="32,34,35"/>
							<Triangle ijk="36,37,38"/>
							<Triangle ijk="36,38,39"/>
						</TriangleList>
					</TriangleBatch>
				</DisplayList>
			</ShapeMesh>
			<PropertyList>
				<Property v="5C,0,1"/>
				<Property v="5F,0,0"/>
			</PropertyList>
		</Model>
		<Model ver="2" type="MODEL" lightset="0">
			<MapObject name="o5" id="3" dumped="true" fileOffset="1D3C"/>
			<ShapeMesh ver="3" texture="jan_jan_jimentif">
				<DisplayList>
					<F3DEX2 cmd="E7000000,0"/>
					<F3DEX2 cmd="D9FDFFFF,0"/>
					<F3DEX2 cmd="D9FFFFFF,200400"/>
					<TriangleBatch ver="0">
						<VertexTable>
							<Vertex xyz="190,100,-150" uv="1946,1536"/>
							<Vertex xyz="-40,100,-150" uv="-410,1536"/>
							<Vertex xyz="-20,100,-80" uv="-205,819"/>
							<Vertex xyz="50,100,-40" uv="512,410"/>
							<Vertex xyz="130,100,-30" uv="1331,307"/>
							<Vertex xyz="190,100,-40" uv="1946,410"/>
							<Vertex xyz="-250,0,100" uv="-319,230"/>
							<Vertex xyz="-227,0,131"/>
							<Vertex xyz="-167,0,150" uv="645,0"/>
							<Vertex xyz="-93,0,150" uv="1368,230"/>
							<Vertex xyz="-33,0,131" uv="1895,602"/>
							<Vertex xyz="50,0,130" uv="2701,868"/>
							<Vertex xyz="80,0,150" uv="3056,766"/>
							<Vertex xyz="130,0,160" uv="3575,823"/>
							<Vertex xyz="190,0,160" uv="4161,1009"/>
							<Vertex xyz="190,0,-150" uv="3199,4035"/>
							<Vertex xyz="-250,0,-150" uv="-1095,2670"/>
						</VertexTable>
						<TriangleList>
							<Triangle ijk="0,1,2"/>
							<Triangle ijk="0,2,3"/>
							<Triangle ijk="0,3,4"/>
							<Triangle ijk="0,4,5"/>
							<Triangle ijk="6,7,8"/>
							<Triangle ijk="6,8,9"/>
							<Triangle ijk="6,9,10"/>
							<Triangle ijk="6,10,11"/>
							<Triangle ijk="6,11,12"/>
							<Triangle ijk="6,12,13"/>
							<Triangle ijk="6,13,14"/>
							<Triangle ijk="6,14,15"/>
							<Triangle ijk="6,15,16"/>
						</TriangleList>
					</TriangleBatch>
				</DisplayList>
			</ShapeMesh>
			<PropertyList>
				<Property v="5C,0,1"/>
				<Property v="5F,0,33000"/>
			</PropertyList>
		</Model>
		<Model ver="2" type="GROUP" lightset="0">
			<MapObject name="g2" id="2" dumped="true" fileOffset="1CB4"/>
			<BoundingBox empty="false" min="-350,-20,-50" max="-250,0,50"/>
			<PropertyList>
				<Property v="60,0,0"/>
				<Property v="60,0,1"/>
			</PropertyList>
		</Model>
		<Model ver="2" type="MODEL" lightset="0">
			<MapObject name="o2" id="1" dumped="true" fileOffset="1C1C"/>
			<ShapeMesh ver="3" texture="jan_berosaidetif">
				<DisplayList>
					<F3DEX2 cmd="E7000000,0"/>
					<F3DEX2 cmd="D9FDFFFF,0"/>
					<F3DEX2 cmd="D9FFFFFF,200400"/>
					<TriangleBatch ver="0">
						<VertexTable>
							<Vertex xyz="-350,0,50" uv="0,512"/>
							<Vertex xyz="-350,-20,50"/>
							<Vertex xyz="-250,-20,50" uv="2560,0"/>
							<Vertex xyz="-250,0,50" uv="2560,512"/>
							<Vertex xyz="-350,0,-50" uv="2560,512"/>
							<Vertex xyz="-350,-20,-50" uv="2560,0"/>
							<Vertex xyz="-350,-20,50"/>
							<Vertex xyz="-350,0,50" uv="0,512"/>
							<Vertex xyz="-250,0,-50" uv="2560,512"/>
							<Vertex xyz="-250,-20,-50" uv="2560,0"/>
							<Vertex xyz="-350,-20,-50"/>
							<Vertex xyz="-350,0,-50" uv="0,512"/>
						</VertexTable>
						<TriangleList>
							<Triangle ijk="0,1,2"/>
							<Triangle ijk="0,2,3"/>
							<Triangle ijk="4,5,6"/>
							<Triangle ijk="4,6,7"/>
							<Triangle ijk="8,9,10"/>
							<Triangle ijk="8,10,11"/>
						</TriangleList>
					</TriangleBatch>
				</DisplayList>
			</ShapeMesh>
			<PropertyList>
				<Property v="5C,0,1"/>
				<Property v="5F,0,0"/>
			</PropertyList>
		</Model>
		<Model ver="2" type="MODEL" lightset="0">
			<MapObject name="o1" id="0" dumped="true" fileOffset="1B94"/>
			<ShapeMesh ver="3" texture="jan_jan_jimentif">
				<DisplayList>
					<F3DEX2 cmd="E7000000,0"/>
					<F3DEX2 cmd="D9FDFFFF,0"/>
					<F3DEX2 cmd="D9FFFFFF,200400"/>
					<TriangleBatch ver="0">
						<VertexTable>
							<Vertex xyz="-350,0,-50" uv="-1761,1384"/>
							<Vertex xyz="-350,0,50" uv="-1450,408"/>
							<Vertex xyz="-250,0,50" uv="-474,718"/>
							<Vertex xyz="-250,0,-50" uv="-785,1694"/>
						</VertexTable>
						<TriangleList>
							<Triangle ijk="0,1,2"/>
							<Triangle ijk="0,2,3"/>
						</TriangleList>
					</TriangleBatch>
				</DisplayList>
			</ShapeMesh>
			<PropertyList>
				<Property v="5C,0,1"/>
				<Property v="5F,0,33000"/>
			</PropertyList>
		</Model>
	</Models>
	<Colliders>
		<Collider ver="0" flags="0">
			<MapObject name="Root" id="12"/>
			<HitObject type="ROOT"/>
		</Collider>
		<Collider ver="0" flags="0">
			<MapObject name="g1" id="11" dumped="true" fileOffset="370"/>
			<HitObject type="GROUP"/>
		</Collider>
		<Collider ver="0" flags="0">
			<MapObject name="g16" id="10" dumped="true" fileOffset="364"/>
			<HitObject type="GROUP"/>
		</Collider>
		<Collider ver="0" flags="18000">
			<MapObject name="o64" id="F" dumped="true" fileOffset="358"/>
			<HitObject type="HIT"/>
			<HitMesh ver="0">
				<TriangleBatch ver="0">
					<VertexTable>
						<Vertex xyz="-250,100,50"/>
						<Vertex xyz="-250,0,50"/>
						<Vertex xyz="-250,0,-50"/>
						<Vertex xyz="-250,100,-50"/>
					</VertexTable>
					<TriangleList>
						<Triangle ijk="0,1,2"/>
						<Triangle ijk="0,2,3"/>
					</TriangleList>
				</TriangleBatch>
			</HitMesh>
		</Collider>
		<Collider ver="0" flags="0">
			<MapObject name="g14" id="E" dumped="true" fileOffset="34C"/>
			<HitObject type="GROUP"/>
		</Collider>
		<Collider ver="0" flags="0">
			<MapObject name="o68" id="D" dumped="true" fileOffset="340"/>
			<HitObject type="HIT"/>
			<HitMesh ver="0">
				<TriangleBatch ver="0">
					<VertexTable>
						<Vertex xyz="-35,0,-135"/>
						<Vertex xyz="-35,100,-135"/>
						<Vertex xyz="-66,100,-129"/>
						<Vertex xyz="-66,0,-129"/>
					</VertexTable>
					<TriangleList>
						<Triangle ijk="0,1,2"/>
						<Triangle ijk="0,2,3"/>
					</TriangleList>
				</TriangleBatch>
			</HitMesh>
		</Collider>
		<Collider ver="0" flags="0">
			<MapObject name="o67" id="C" dumped="true" fileOffset="334"/>
			<HitObject type="HIT"/>
			<HitMesh ver="0">
				<TriangleBatch ver="0">
					<VertexTable>
						<Vertex xyz="-78,0,-104"/>
						<Vertex xyz="-78,100,-104"/>
						<Vertex xyz="-158,100,-104"/>
						<Vertex xyz="-158,0,-104"/>
					</VertexTable>
					<TriangleList>
						<Triangle ijk="0,1,2"/>
						<Triangle ijk="0,2,3"/>
					</TriangleList>
				</TriangleBatch>
			</HitMesh>
		</Collider>
		<Collider ver="0" flags="0">
			<MapObject name="o66" id="B" dumped="true" fileOffset="328"/>
			<HitObject type="HIT"/>
			<HitMesh ver="0">
				<TriangleBatch ver="0">
					<VertexTable>
						<Vertex xyz="190,100,66"/>
						<Vertex xyz="102,100,66"/>
						<Vertex xyz="102,0,66"/>
						<Vertex xyz="190,0,66"/>
					</VertexTable>
					<TriangleList>
						<Triangle ijk="0,1,2" doubleSided="true"/>
						<Triangle ijk="0,2,3" doubleSided="true"/>
					</TriangleList>
				</TriangleBatch>
			</HitMesh>
		</Collider>
		<Collider ver="0" flags="0">
			<MapObject name="o65" id="A" dumped="true" fileOffset="31C"/>
			<HitObject type="HIT"/>
			<HitMesh ver="0">
				<TriangleBatch ver="0">
					<VertexTable>
						<Vertex xyz="-65,0,105"/>
						<Vertex xyz="-65,100,105"/>
						<Vertex xyz="-145,100,105"/>
						<Vertex xyz="-145,0,105"/>
					</VertexTable>
					<TriangleList>
						<Triangle ijk="0,1,2" doubleSided="true"/>
						<Triangle ijk="0,2,3" doubleSided="true"/>
					</TriangleList>
				</TriangleBatch>
			</HitMesh>
		</Collider>
		<Collider ver="0" flags="0">
			<MapObject name="o62" id="9" dumped="true" fileOffset="310"/>
			<HitObject type="HIT"/>
			<HitMesh ver="0">
				<TriangleBatch ver="0">
					<VertexTable>
						<Vertex xyz="-158,0,-104"/>
						<Vertex xyz="-158,100,-104"/>
						<Vertex xyz="-174,100,-98"/>
						<Vertex xyz="-174,0,-98"/>
						<Vertex xyz="-178,100,-72"/>
						<Vertex xyz="-178,0,-72"/>
						<Vertex xyz="-198,100,-90"/>
						<Vertex xyz="-198,0,-90"/>
						<Vertex xyz="-240,100,-92"/>
						<Vertex xyz="-240,0,-92"/>
					</VertexTable>
					<TriangleList>
						<Triangle ijk="0,1,2"/>
						<Triangle ijk="0,2,3"/>
						<Triangle ijk="3,2,4"/>
						<Triangle ijk="3,4,5"/>
						<Triangle ijk="5,4,6"/>
						<Triangle ijk="5,6,7"/>
						<Triangle ijk="7,6,8"/>
						<Triangle ijk="7,8,9"/>
					</TriangleList>
				</TriangleBatch>
			</HitMesh>
		</Collider>
		<Collider ver="0" flags="0">
			<MapObject name="o59" id="8" dumped="true" fileOffset="304"/>
			<HitObject type="HIT"/>
			<HitMesh ver="0">
				<TriangleBatch ver="0">
					<VertexTable>
						<Vertex xyz="-240,0,-92"/>
						<Vertex xyz="-240,100,-92"/>
						<Vertex xyz="-250,100,-90"/>
						<Vertex xyz="-250,0,-90"/>
						<Vertex xyz="-66,100,-129"/>
						<Vertex xyz="-78,100,-104"/>
						<Vertex xyz="-78,0,-104"/>
						<Vertex xyz="-66,0,-129"/>
					</VertexTable>
					<TriangleList>
						<Triangle ijk="0,1,2"/>
						<Triangle ijk="0,2,3"/>
						<Triangle ijk="4,5,6"/>
						<Triangle ijk="4,6,7"/>
					</TriangleList>
				</TriangleBatch>
			</HitMesh>
		</Collider>
		<Collider ver="0" flags="0">
			<MapObject name="g3" id="7" dumped="true" fileOffset="2F8"/>
			<HitObject type="GROUP"/>
		</Collider>
		<Collider ver="0" flags="0">
			<MapObject name="o63" id="6" dumped="true" fileOffset="2EC"/>
			<HitObject type="HIT"/>
			<HitMesh ver="0">
				<TriangleBatch ver="0">
					<VertexTable>
						<Vertex xyz="190,0,-40"/>
						<Vertex xyz="190,100,-40"/>
						<Vertex xyz="130,100,-30"/>
						<Vertex xyz="130,0,-30"/>
						<Vertex xyz="50,100,-40"/>
						<Vertex xyz="50,0,-40"/>
						<Vertex xyz="-20,100,-80"/>
						<Vertex xyz="-20,0,-80"/>
						<Vertex xyz="-40,100,-150"/>
						<Vertex xyz="-40,0,-150"/>
					</VertexTable>
					<TriangleList>
						<Triangle ijk="0,1,2"/>
						<Triangle ijk="0,2,3"/>
						<Triangle ijk="3,2,4"/>
						<Triangle ijk="3,4,5"/>
						<Triangle ijk="5,4,6"/>
						<Triangle ijk="5,6,7"/>
						<Triangle ijk="7,6,8"/>
						<Triangle ijk="7,8,9"/>
					</TriangleList>
				</TriangleBatch>
			</HitMesh>
		</Collider>
		<Collider ver="0" flags="8000">
			<MapObject name="o54" id="5" dumped="true" fileOffset="2E0"/>
			<HitObject type="HIT"/>
			<HitMesh ver="0">
				<TriangleBatch ver="0">
					<VertexTable>
						<Vertex xyz="50,0,130"/>
						<Vertex xyz="50,100,130"/>
						<Vertex xyz="80,100,150"/>
						<Vertex xyz="80,0,150"/>
						<Vertex xyz="130,100,160"/>
						<Vertex xyz="130,0,160"/>
						<Vertex xyz="190,100,160"/>
						<Vertex xyz="190,0,160"/>
						<Vertex xyz="190,100,-40"/>
						<Vertex xyz="190,0,-40"/>
						<Vertex xyz="-250,100,-90"/>
						<Vertex xyz="-250,100,-50"/>
						<Vertex xyz="-250,0,-50"/>
						<Vertex xyz="-250,0,-90"/>
						<Vertex xyz="-250,100,50"/>
						<Vertex xyz="-250,100,100"/>
						<Vertex xyz="-250,0,100"/>
						<Vertex xyz="-250,0,50"/>
						<Vertex xyz="-227,100,131"/>
						<Vertex xyz="-227,0,131"/>
						<Vertex xyz="-33,0,131"/>
						<Vertex xyz="-33,100,131"/>
						<Vertex xyz="-167,100,150"/>
						<Vertex xyz="-167,0,150"/>
						<Vertex xyz="-93,100,150"/>
						<Vertex xyz="-93,0,150"/>
					</VertexTable>
					<TriangleList>
						<Triangle ijk="0,1,2"/>
						<Triangle ijk="0,2,3"/>
						<Triangle ijk="3,2,4"/>
						<Triangle ijk="3,4,5"/>
						<Triangle ijk="5,4,6"/>
						<Triangle ijk="5,6,7"/>
						<Triangle ijk="7,6,8"/>
						<Triangle ijk="7,8,9"/>
						<Triangle ijk="10,11,12"/>
						<Triangle ijk="10,12,13"/>
						<Triangle ijk="14,15,16"/>
						<Triangle ijk="14,16,17"/>
						<Triangle ijk="16,15,18"/>
						<Triangle ijk="16,18,19"/>
						<Triangle ijk="20,21,1"/>
						<Triangle ijk="20,1,0"/>
						<Triangle ijk="19,18,22"/>
						<Triangle ijk="19,22,23"/>
						<Triangle ijk="23,22,24"/>
						<Triangle ijk="23,24,25"/>
						<Triangle ijk="25,24,21"/>
						<Triangle ijk="25,21,20"/>
					</TriangleList>
				</TriangleBatch>
			</HitMesh>
		</Collider>
		<Collider ver="0" flags="0">
			<MapObject name="o3" id="4" dumped="true" fileOffset="2D4"/>
			<HitObject type="HIT"/>
			<HitMesh ver="0">
				<TriangleBatch ver="0">
					<VertexTable>
						<Vertex xyz="-250,0,100"/>
						<Vertex xyz="-227,0,131"/>
						<Vertex xyz="-167,0,150"/>
						<Vertex xyz="-93,0,150"/>
						<Vertex xyz="-33,0,131"/>
						<Vertex xyz="50,0,130"/>
						<Vertex xyz="80,0,150"/>
						<Vertex xyz="130,0,160"/>
						<Vertex xyz="190,0,160"/>
						<Vertex xyz="190,0,-150"/>
						<Vertex xyz="-250,0,-150"/>
					</VertexTable>
					<TriangleList>
						<Triangle ijk="0,1,2"/>
						<Triangle ijk="0,2,3"/>
						<Triangle ijk="0,3,4"/>
						<Triangle ijk="0,4,5"/>
						<Triangle ijk="0,5,6"/>
						<Triangle ijk="0,6,7"/>
						<Triangle ijk="0,7,8"/>
						<Triangle ijk="0,8,9"/>
						<Triangle ijk="0,9,10"/>
					</TriangleList>
				</TriangleBatch>
			</HitMesh>
		</Collider>
		<Collider ver="0" flags="0">
			<MapObject name="g2" id="3" dumped="true" fileOffset="2C8"/>
			<HitObject type="GROUP"/>
		</Collider>
		<Collider ver="0" flags="8000">
			<MapObject name="o5" id="2" dumped="true" fileOffset="2BC"/>
			<HitObject type="HIT"/>
			<HitMesh ver="0">
				<TriangleBatch ver="0">
					<VertexTable>
						<Vertex xyz="-350,0,50"/>
						<Vertex xyz="-350,100,50"/>
						<Vertex xyz="-250,100,50"/>
						<Vertex xyz="-250,0,50"/>
						<Vertex xyz="-250,0,-50"/>
						<Vertex xyz="-250,100,-50"/>
						<Vertex xyz="-350,100,-50"/>
						<Vertex xyz="-350,0,-50"/>
					</VertexTable>
					<TriangleList>
						<Triangle ijk="0,1,2"/>
						<Triangle ijk="0,2,3"/>
						<Triangle ijk="4,5,6"/>
						<Triangle ijk="4,6,7"/>
					</TriangleList>
				</TriangleBatch>
			</HitMesh>
		</Collider>
		<Collider ver="0" flags="8000">
			<MapObject name="deilitw" id="1" dumped="true" fileOffset="2B0"/>
			<HitObject type="HIT"/>
			<HitMesh ver="0">
				<TriangleBatch ver="0">
					<VertexTable>
						<Vertex xyz="-350,0,-50"/>
						<Vertex xyz="-350,100,-50"/>
						<Vertex xyz="-350,100,50"/>
						<Vertex xyz="-350,0,50"/>
					</VertexTable>
					<TriangleList>
						<Triangle ijk="0,1,2"/>
						<Triangle ijk="0,2,3"/>
					</TriangleList>
				</TriangleBatch>
			</HitMesh>
		</Collider>
		<Collider ver="0" flags="0">
			<MapObject name="deiliw" id="0" dumped="true" fileOffset="2A4"/>
			<HitObject type="HIT"/>
			<HitMesh ver="0">
				<TriangleBatch ver="0">
					<VertexTable>
						<Vertex xyz="-350,0,-50"/>
						<Vertex xyz="-350,0,50"/>
						<Vertex xyz="-250,0,50"/>
						<Vertex xyz="-250,0,-50"/>
					</VertexTable>
					<TriangleList>
						<Triangle ijk="0,1,2"/>
						<Triangle ijk="0,2,3"/>
					</TriangleList>
				</TriangleBatch>
			</HitMesh>
		</Collider>
	</Colliders>
	<Zones>
		<Zone ver="0">
			<MapObject name="Root" id="4"/>
			<HitObject type="ROOT"/>
		</Zone>
		<Zone ver="0">
			<MapObject name="g1" id="3" dumped="true" fileOffset="5FC"/>
			<HitObject type="GROUP"/>
		</Zone>
		<Zone ver="0">
			<MapObject name="o6" id="2" dumped="true" fileOffset="5F0"/>
			<HitObject type="HIT"/>
			<HitMesh ver="0">
				<TriangleBatch ver="0">
					<VertexTable>
						<Vertex xyz="-350,0,-150"/>
						<Vertex xyz="-350,0,-20"/>
						<Vertex xyz="190,0,-20"/>
						<Vertex xyz="190,0,-150"/>
					</VertexTable>
					<TriangleList>
						<Triangle ijk="0,1,2"/>
						<Triangle ijk="0,2,3"/>
					</TriangleList>
				</TriangleBatch>
			</HitMesh>
			<Camera type="TYPE_6" flag="true" boomLength="450.000000" boomPitch="16.000000" viewPitch="-6.000000" posA="-196,0,-20" posB="68,0,-20" posC="0,0,0"/>
		</Zone>
		<Zone ver="0">
			<MapObject name="o5" id="1" dumped="true" fileOffset="5E4"/>
			<HitObject type="HIT"/>
			<HitMesh ver="0">
				<TriangleBatch ver="0">
					<VertexTable>
						<Vertex xyz="-350,0,-20"/>
						<Vertex xyz="-350,0,85"/>
						<Vertex xyz="190,0,85"/>
						<Vertex xyz="190,0,-20"/>
					</VertexTable>
					<TriangleList>
						<Triangle ijk="0,1,2"/>
						<Triangle ijk="0,2,3"/>
					</TriangleList>
				</TriangleBatch>
			</HitMesh>
			<Camera type="TYPE_6" flag="false" boomLength="450.000000" boomPitch="16.000000" viewPitch="-6.000000" posA="-196,0,85" posB="68,0,85" posC="0,0,0"/>
		</Zone>
		<Zone ver="0">
			<MapObject name="o4" id="0" dumped="true" fileOffset="5D8"/>
			<HitObject type="HIT"/>
			<HitMesh ver="0">
				<TriangleBatch ver="0">
					<VertexTable>
						<Vertex xyz="-350,0,85"/>
						<Vertex xyz="-350,0,160"/>
						<Vertex xyz="190,0,160"/>
						<Vertex xyz="190,0,85"/>
					</VertexTable>
					<TriangleList>
						<Triangle ijk="0,1,2"/>
						<Triangle ijk="0,2,3"/>
					</TriangleList>
				</TriangleBatch>
			</HitMesh>
			<Camera type="TYPE_6" flag="true" boomLength="450.000000" boomPitch="16.000000" viewPitch="-6.000000" posA="-196,0,85" posB="68,0,85" posC="0,0,0"/>
		</Zone>
	</Zones>
	<Markers>
		<Marker ver="4" type="Root">
			<MapObject name="Root" id="F"/>
		</Marker>
		<Marker ver="4" type="Position" pos="-75,20,-135" yaw="0.000000">
			<MapObject name="TreeFX_Bush4_0" id="E"/>
		</Marker>
		<Marker ver="4" type="Position" pos="-116,20,-102" yaw="0.000000">
			<MapObject name="TreeFX_Bush3_0" id="D"/>
		</Marker>
		<Marker ver="4" type="Position" pos="142,20,66" yaw="0.000000">
			<MapObject name="TreeFX_Bush2_0" id="C"/>
		</Marker>
		<Marker ver="4" type="Position" pos="-105,20,115" yaw="0.000000">
			<MapObject name="TreeFX_Bush1_0" id="B"/>
		</Marker>
		<Marker ver="4" type="Trigger" desc="Trigger" pos="-192,0,-105" yaw="0.000000">
			<MapObject name="Bomb_80243BB4" id="A"/>
			<BombTrigger radius="0.000000"/>
		</Marker>
		<Marker ver="4" type="Position" pos="-147,114,-85" yaw="0.000000">
			<MapObject name="TreeFX_Tree1_1" id="9"/>
		</Marker>
		<Marker ver="4" type="Position" pos="-232,114,-75" yaw="0.000000">
			<MapObject name="TreeFX_Tree1_0" id="8"/>
		</Marker>
		<Marker ver="4" type="Position" desc=".Item:Coin" pos="-150,100,-80" yaw="0.000000">
			<MapObject name="Tree1_Drop1" id="7"/>
		</Marker>
		<Marker ver="4" type="Group">
			<MapObject name="NPCs" id="6"/>
		</Marker>
		<Marker ver="4" type="NPC" pos="30,0,20" yaw="90.000000">
			<MapObject name="NPC_YoshiKid_00" id="5"/>
			<Movement type="Stationary" data="0,0,0,0,0,0,0,0,0,0,0,0,0,0,0,0,0,0,0,0,0,0,0,0,0,0,0,0,0,0,0,0,0,0,0,0,0,0,0,0,0,0,0,0,0,0,0,0"/>
			<Sprite sprite="6" palette="0" animations="1,2,3,3,1,1,1,1,1,1,1,1,1,1,1,1"/>
		</Marker>
		<Marker ver="4" type="NPC" pos="80,0,20" yaw="270.000000">
			<MapObject name="NPC_PutridPiranha_02" id="4"/>
			<Movement type="Stationary" data="0,0,0,0,0,0,0,0,0,0,0,0,0,0,0,0,0,0,0,0,0,0,0,0,0,0,0,0,0,0,0,0,0,0,0,0,0,0,0,0,0,0,0,0,0,0,0,0"/>
			<Sprite sprite="36" palette="0" animations="1,2,3,3,1,1,E,E,18,17,5,6,7,1,1,1"/>
		</Marker>
		<Marker ver="4" type="NPC" pos="-20,0,20" yaw="90.000000">
			<MapObject name="NPC_PutridPiranha_01" id="3"/>
			<Movement type="Stationary" data="0,0,0,0,0,0,0,0,0,0,0,0,0,0,0,0,0,0,0,0,0,0,0,0,0,0,0,0,0,0,0,0,0,0,0,0,0,0,0,0,0,0,0,0,0,0,0,0"/>
			<Sprite sprite="36" palette="0" animations="1,2,3,3,1,1,E,E,18,17,5,6,7,1,1,1"/>
		</Marker>
		<Marker ver="4" type="NPC" pos="0,-1000,0" yaw="0.000000">
			<MapObject name="NPC_JungleGuy_11" id="2"/>
			<Movement type="Stationary" data="0,0,0,0,0,0,0,0,0,0,0,0,0,0,0,0,0,0,0,0,0,0,0,0,0,0,0,0,0,0,0,0,0,0,0,0,0,0,0,0,0,0,0,0,0,0,0,0"/>
			<Sprite sprite="42" palette="0" animations="3,5,6,6,3,3,7,7,1A,1B,3,3,3,3,3,3"/>
		</Marker>
		<Marker ver="4" type="NPC" pos="-28,0,13" yaw="90.000000">
			<MapObject name="NPC_JungleGuy_10" id="1"/>
			<Movement type="Wander" data="FFFFFFE4,0,D,1E,0,FFFF8001,0,FFFFFFE4,0,D,96,0,0,1,0,0,0,0,0,0,0,0,0,0,0,0,0,0,0,0,0,0,0,0,0,0,0,0,0,0,0,0,0,0,0,0,0,0"/>
			<Sprite sprite="42" palette="0" animations="3,5,6,6,3,3,7,7,1A,1B,3,3,3,3,3,3"/>
		</Marker>
		<Marker ver="4" type="Group">
			<MapObject name="Entrances" id="0"/>
		</Marker>
		<Marker ver="4" type="Entry" pos="-220,0,0" yaw="90.000000">
			<MapObject name="Entry0" id="FFFFFFFF"/>
		</Marker>
	</Markers>
	<ScriptData>
		<TexPanners>
			<TexPanner id="0" generate="false"/>
			<TexPanner id="1" generate="false"/>
			<TexPanner id="2" generate="false"/>
			<TexPanner id="3" generate="false"/>
			<TexPanner id="4" generate="false"/>
			<TexPanner id="5" generate="false"/>
			<TexPanner id="6" generate="false"/>
			<TexPanner id="7" generate="false"/>
			<TexPanner id="8" generate="false"/>
			<TexPanner id="9" generate="false"/>
			<TexPanner id="A" generate="false"/>
			<TexPanner id="B" generate="false"/>
			<TexPanner id="C" generate="false"/>
			<TexPanner id="D" generate="false"/>
			<TexPanner id="E" generate="false"/>
			<TexPanner id="F" generate="false"/>
		</TexPanners>
		<Generators>
			<Exit type="Walk" hasCallback="false" entry="Entry0" destMap="jan_06" destEntry="Entry1" trigger="deiliw"/>
		</Generators>
		<Camera vfov="25" near="16" far="4096" bgcolor="0,0,0" leadsPlayer="false"/>
		<Fog world="0,10,10,10,255,950,1000" entity="0,10,10,10,255,950,1000"/>
		<Options location="24" hasMusic="true" song="4E" hasSounds="false" sounds="1" hasShading="true" shadingName="None"/>
		<Override tex="true"/>
	</ScriptData>
</Map>
