<?xml version="1.0" encoding="UTF-8"?>
<Moves>
	<Move index="000" nameMsg="00-000" desc1Msg="00-000" desc2Msg="00-000" flags="00000000" category="00" inputPopup="FF" fp="00" bp="00" name="Nothing"/>
	<Move index="001" nameMsg="00-000" desc1Msg="00-000" desc2Msg="00-000" flags="00000002" category="00" inputPopup="FF" fp="00" bp="00" name="Unused_01" ability="Unused"/>
	<Move index="002" nameMsg="00-000" desc1Msg="00-000" desc2Msg="00-000" flags="00000008" category="00" inputPopup="FF" fp="00" bp="00" name="Unused_02"/>
	<Move index="003" nameMsg="1D-038" desc1Msg="23-0A3" desc2Msg="00-000" flags="00013005" category="01" inputPopup="01" fp="00" bp="00" name="Hammer1"/>
	<Move index="004" nameMsg="1D-038" desc1Msg="23-0A4" desc2Msg="23-0A4" flags="00013005" category="01" inputPopup="01" fp="00" bp="00" name="Hammer2"/>
	<Move index="005" nameMsg="1D-038" desc1Msg="23-0A5" desc2Msg="23-0A5" flags="00013005" category="01" inputPopup="01" fp="00" bp="00" name="Hammer3"/>
	<Move index="006" nameMsg="1D-038" desc1Msg="00-000" desc2Msg="00-000" flags="00013005" category="01" inputPopup="01" fp="00" bp="00" name="Unused_Hammer4"/>
	<Move index="007" nameMsg="00-000" desc1Msg="00-000" desc2Msg="00-000" flags="00013005" category="01" inputPopup="01" fp="00" bp="00" name="Unused_Hammer5"/>
	<Move index="008" nameMsg="2A-010" desc1Msg="23-068" desc2Msg="25-068" flags="00013005" category="01" inputPopup="01" fp="01" bp="01" name="SpinSmash"/>
	<Move index="009" nameMsg="2A-012" desc1Msg="23-06A" desc2Msg="25-06A" flags="00008020" category="01" inputPopup="01" fp="02" bp="01" name="QuakeHammer"/>
	<Move index="00A" nameMsg="2A-011" desc1Msg="23-069" desc2Msg="25-069" flags="00013005" category="01" inputPopup="01" fp="02" bp="02" name="DDownPound"/>
	<Move index="00B" nameMsg="00-000" desc1Msg="00-000" desc2Msg="00-000" flags="00000008" category="01" inputPopup="FF" fp="01" bp="01" name="SmashCharge0"/>
	<Move index="00C" nameMsg="1D-038" desc1Msg="00-000" desc2Msg="00-000" flags="00055001" category="01" inputPopup="01" fp="00" bp="00" name="Unused_Hammer_0C"/>
	<Move index="00D" nameMsg="2A-00E" desc1Msg="23-066" desc2Msg="25-066" flags="00000003" category="01" inputPopup="01" fp="01" bp="01" name="HammerThrow"/>
	<Move index="00E" nameMsg="2A-014" desc1Msg="23-06C" desc2Msg="25-06C" flags="00008020" category="01" inputPopup="01" fp="07" bp="03" name="MegaQuake"/>
	<Move index="00F" nameMsg="2A-00C" desc1Msg="23-064" desc2Msg="25-064" flags="00000008" category="01" inputPopup="FF" fp="01" bp="01" name="SmashCharge"/>
	<Move index="010" nameMsg="1D-038" desc1Msg="23-064" desc2Msg="25-064" flags="00054001" category="01" inputPopup="01" fp="00" bp="00" name="Unused_Hammer_10"/>
	<Move index="011" nameMsg="2A-00D" desc1Msg="23-065" desc2Msg="25-065" flags="00000008" category="01" inputPopup="FF" fp="04" bp="02" name="SuperSmashCharge"/>
	<Move index="012" nameMsg="1D-038" desc1Msg="23-065" desc2Msg="25-065" flags="00055001" category="01" inputPopup="01" fp="00" bp="00" name="Unused_Hammer_12"/>
	<Move index="013" nameMsg="00-000" desc1Msg="00-000" desc2Msg="00-000" flags="00013005" category="01" inputPopup="FF" fp="02" bp="01" name="AutoSmash"/>
	<Move index="014" nameMsg="2A-013" desc1Msg="23-06B" desc2Msg="25-06B" flags="00008020" category="01" inputPopup="01" fp="04" bp="02" name="PowerQuake"/>
	<Move index="015" nameMsg="2A-00A" desc1Msg="23-062" desc2Msg="25-062" flags="00013005" category="01" inputPopup="01" fp="02" bp="01" name="PowerSmash"/>
	<Move index="016" nameMsg="00-000" desc1Msg="00-000" desc2Msg="00-000" flags="00013005" category="01" inputPopup="01" fp="04" bp="02" name="SuperSmash"/>
	<Move index="017" nameMsg="2A-00B" desc1Msg="23-063" desc2Msg="25-063" flags="00013005" category="01" inputPopup="01" fp="06" bp="03" name="MegaSmash"/>
	<Move index="018" nameMsg="2A-00F" desc1Msg="23-067" desc2Msg="25-067" flags="00013005" category="01" inputPopup="01" fp="02" bp="01" name="ShrinkSmash"/>
	<Move index="019" nameMsg="00-000" desc1Msg="00-000" desc2Msg="00-000" flags="00013005" category="01" inputPopup="01" fp="06" bp="03" name="ShellCrack"/>
	<Move index="01A" nameMsg="1D-039" desc1Msg="23-0A0" desc2Msg="23-0A0" flags="00054881" category="02" inputPopup="00" fp="00" bp="00" name="Jump1"/>
	<Move index="01B" nameMsg="1D-039" desc1Msg="23-0A1" desc2Msg="23-0A1" flags="00054881" category="02" inputPopup="00" fp="00" bp="00" name="Jump2"/>
	<Move index="01C" nameMsg="1D-039" desc1Msg="23-0A2" desc2Msg="23-0A2" flags="00054881" category="02" inputPopup="00" fp="00" bp="00" name="Jump3"/>
	<Move index="01D" nameMsg="1D-039" desc1Msg="00-000" desc2Msg="00-000" flags="00054881" category="02" inputPopup="00" fp="00" bp="00" name="Unused_Jump4"/>
	<Move index="01E" nameMsg="1D-039" desc1Msg="00-000" desc2Msg="00-000" flags="00054881" category="02" inputPopup="00" fp="00" bp="00" name="Unused_Jump5"/>
	<Move index="01F" nameMsg="2A-006" desc1Msg="23-05E" desc2Msg="25-05E" flags="0004C880" category="02" inputPopup="00" fp="02" bp="01" name="Multibounce"/>
	<Move index="020" nameMsg="2A-009" desc1Msg="23-061" desc2Msg="25-061" flags="00054881" category="02" inputPopup="00" fp="03" bp="02" name="PowerBounce"/>
	<Move index="021" nameMsg="2A-004" desc1Msg="23-05C" desc2Msg="25-05C" flags="00054881" category="02" inputPopup="00" fp="02" bp="01" name="SleepStomp"/>
	<Move index="022" nameMsg="2A-005" desc1Msg="23-05D" desc2Msg="25-05D" flags="00054881" category="02" inputPopup="00" fp="02" bp="01" name="DizzyStomp"/>
	<Move index="023" nameMsg="00-000" desc1Msg="00-000" desc2Msg="00-000" flags="00000808" category="02" inputPopup="FF" fp="01" bp="01" name="JumpCharge0"/>
	<Move index="024" nameMsg="1D-039" desc1Msg="00-000" desc2Msg="00-000" flags="00054881" category="02" inputPopup="00" fp="01" bp="01" name="Unused_24"/>
	<Move index="025" nameMsg="2A-002" desc1Msg="23-05A" desc2Msg="25-05A" flags="00000808" category="02" inputPopup="FF" fp="01" bp="01" name="JumpCharge"/>
	<Move index="026" nameMsg="1D-039" desc1Msg="23-05A" desc2Msg="25-05A" flags="00054881" category="02" inputPopup="00" fp="00" bp="00" name="Unused_26"/>
	<Move index="027" nameMsg="2A-003" desc1Msg="23-05B" desc2Msg="25-05B" flags="00000808" category="02" inputPopup="FF" fp="04" bp="02" name="SuperJumpCharge"/>
	<Move index="028" nameMsg="1D-039" desc1Msg="23-05B" desc2Msg="25-05B" flags="00054881" category="02" inputPopup="00" fp="00" bp="00" name="Unused_28"/>
	<Move index="029" nameMsg="00-000" desc1Msg="00-000" desc2Msg="00-000" flags="00054881" category="02" inputPopup="FF" fp="02" bp="01" name="AutoJump"/>
	<Move index="02A" nameMsg="00-000" desc1Msg="00-000" desc2Msg="00-000" flags="0004C880" category="02" inputPopup="FF" fp="05" bp="02" name="AutoMultibounce"/>
	<Move index="02B" nameMsg="2A-000" desc1Msg="23-058" desc2Msg="25-058" flags="00054881" category="02" inputPopup="00" fp="02" bp="01" name="PowerJump"/>
	<Move index="02C" nameMsg="00-000" desc1Msg="00-000" desc2Msg="00-000" flags="00054881" category="02" inputPopup="00" fp="04" bp="02" name="SuperJump"/>
	<Move index="02D" nameMsg="2A-001" desc1Msg="23-059" desc2Msg="25-059" flags="00054881" category="02" inputPopup="00" fp="06" bp="03" name="MegaJump"/>
	<Move index="02E" nameMsg="2A-008" desc1Msg="23-060" desc2Msg="25-060" flags="00054881" category="02" inputPopup="00" fp="02" bp="02" name="DDownJump"/>
	<Move index="02F" nameMsg="2A-007" desc1Msg="23-05F" desc2Msg="25-05F" flags="00054881" category="02" inputPopup="00" fp="02" bp="01" name="ShrinkStomp"/>
	<Move index="030" nameMsg="00-000" desc1Msg="00-000" desc2Msg="00-000" flags="00008020" category="02" inputPopup="14" fp="02" bp="02" name="EarthquakeJump"/>
	<Move index="031" nameMsg="00-000" desc1Msg="23-074" desc2Msg="25-074" flags="00010005" category="03" inputPopup="FF" fp="00" bp="06" name="Unused_DefendPlus"/>
	<Move index="032" nameMsg="00-000" desc1Msg="00-000" desc2Msg="00-000" flags="00000008" category="03" inputPopup="FF" fp="00" bp="08" name="Unused_32"/>
	<Move index="033" nameMsg="26-075" desc1Msg="23-075" desc2Msg="25-075" flags="00000008" category="03" inputPopup="FF" fp="00" bp="03" name="DamageDodge" ability="DamageDodge"/>
	<Move index="034" nameMsg="1D-03F" desc1Msg="1D-0A4" desc2Msg="00-000" flags="00010005" category="04" inputPopup="FF" fp="00" bp="00" name="Items"/>
	<Move index="035" nameMsg="2A-015" desc1Msg="23-06D" desc2Msg="25-06D" flags="00000000" category="04" inputPopup="FF" fp="03" bp="01" name="DoubleDip" ability="DoubleDip"/>
	<Move index="036" nameMsg="2A-016" desc1Msg="23-06E" desc2Msg="25-06E" flags="00000000" category="04" inputPopup="FF" fp="06" bp="03" name="TripleDip"/>
	<Move index="037" nameMsg="80098A04" desc1Msg="00-000" desc2Msg="00-000" flags="00000000" category="05" inputPopup="FF" fp="00" bp="00" name="Unused_37"/>
	<Move index="038" nameMsg="2A-018" desc1Msg="23-070" desc2Msg="25-070" flags="00000000" category="05" inputPopup="FF" fp="00" bp="02" name="QuickChange" ability="QuickChange"/>
	<Move index="039" nameMsg="80098A04" desc1Msg="00-000" desc2Msg="00-000" flags="00010005" category="06" inputPopup="FF" fp="00" bp="00" name="Unused_39"/>
	<Move index="03A" nameMsg="80098A04" desc1Msg="00-000" desc2Msg="00-000" flags="00000000" category="07" inputPopup="FF" fp="00" bp="00" name="Unused_3A"/>
	<Move index="03B" nameMsg="26-073" desc1Msg="23-073" desc2Msg="25-073" flags="00000000" category="07" inputPopup="FF" fp="00" bp="06" name="PowerPlus" ability="PowerPlus"/>
	<Move index="03C" nameMsg="26-093" desc1Msg="23-093" desc2Msg="25-093" flags="00000000" category="07" inputPopup="FF" fp="00" bp="04" name="AllorNothing" ability="AllOrNothing"/>
	<Move index="03D" nameMsg="26-095" desc1Msg="23-095" desc2Msg="25-095" flags="00000000" category="07" inputPopup="FF" fp="00" bp="02" name="IcePower" ability="IcePower"/>
	<Move index="03E" nameMsg="2A-019" desc1Msg="23-076" desc2Msg="25-076" flags="00000000" category="07" inputPopup="FF" fp="00" bp="02" name="PUpDDown" ability="PUpDDown"/>
	<Move index="03F" nameMsg="80098A04" desc1Msg="00-000" desc2Msg="00-000" flags="00010005" category="08" inputPopup="FF" fp="00" bp="00" name="Unused_3F"/>
	<Move index="040" nameMsg="26-07F" desc1Msg="23-07F" desc2Msg="25-07F" flags="00000000" category="08" inputPopup="FF" fp="00" bp="02" name="SpikeShield" ability="SpikeShield"/>
	<Move index="041" nameMsg="26-097" desc1Msg="23-097" desc2Msg="25-097" flags="00000000" category="08" inputPopup="FF" fp="00" bp="02" name="FireShield" ability="FireShield"/>
	<Move index="042" nameMsg="26-081" desc1Msg="23-081" desc2Msg="25-081" flags="00000000" category="08" inputPopup="FF" fp="00" bp="03" name="PrettyLucky" ability="PrettyLucky"/>
	<Move index="043" nameMsg="26-08C" desc1Msg="23-08C" desc2Msg="25-08C" flags="00000000" category="08" inputPopup="FF" fp="00" bp="03" name="FeelingFine" ability="FeelingFine"/>
	<Move index="044" nameMsg="26-099" desc1Msg="23-099" desc2Msg="25-099" flags="00000000" category="08" inputPopup="FF" fp="00" bp="04" name="ZapTap" ability="ZapTap"/>
	<Move index="045" nameMsg="26-074" desc1Msg="23-074" desc2Msg="25-074" flags="00000000" category="08" inputPopup="FF" fp="00" bp="06" name="DefendPlus" ability="DefendPlus"/>
	<Move index="046" nameMsg="00-000" desc1Msg="23-085" desc2Msg="25-085" flags="00000000" category="08" inputPopup="FF" fp="00" bp="01" name="LastStand" ability="LastStand"/>
	<Move index="047" nameMsg="00-000" desc1Msg="23-083" desc2Msg="25-083" flags="00000000" category="08" inputPopup="FF" fp="00" bp="01" name="CloseCall" ability="CloseCall"/>
	<Move index="048" nameMsg="00-000" desc1Msg="23-082" desc2Msg="25-082" flags="00000000" category="08" inputPopup="FF" fp="00" bp="07" name="LuckyDay" ability="LuckyDay"/>
	<Move index="049" nameMsg="2A-01A" desc1Msg="23-077" desc2Msg="25-077" flags="00000000" category="08" inputPopup="FF" fp="00" bp="02" name="PDownDUp" ability="PDownDUp"/>
	<Move index="04A" nameMsg="00-000" desc1Msg="00-000" desc2Msg="00-000" flags="00000000" category="08" inputPopup="FF" fp="00" bp="01" name="HealthyHealthy" ability="HealthyHealthy"/>
	<Move index="04B" nameMsg="80098A04" desc1Msg="00-000" desc2Msg="00-000" flags="00000000" category="09" inputPopup="FF" fp="00" bp="00" name="Unused_4B"/>
	<Move index="04C" nameMsg="26-080" desc1Msg="23-080" desc2Msg="25-080" flags="00000000" category="09" inputPopup="FF" fp="00" bp="01" name="DodgeMaster" ability="DodgeMaster"/>
	<Move index="04D" nameMsg="26-087" desc1Msg="23-087" desc2Msg="25-087" flags="00000000" category="09" inputPopup="FF" fp="00" bp="01" name="FirstAttack" ability="FirstAttack"/>
	<Move index="04E" nameMsg="26-094" desc1Msg="23-094" desc2Msg="25-094" flags="00000000" category="09" inputPopup="FF" fp="00" bp="00" name="SlowGo" ability="SlowGo"/>
	<Move index="04F" nameMsg="26-09B" desc1Msg="23-09B" desc2Msg="25-09B" flags="00000000" category="09" inputPopup="FF" fp="00" bp="08" name="RightOn" ability="RightOn"/>
	<Move index="050" nameMsg="00-000" desc1Msg="23-088" desc2Msg="25-088" flags="00000000" category="09" inputPopup="FF" fp="00" bp="05" name="BumpAttack" ability="BumpAttack"/>
	<Move index="051" nameMsg="80098A04" desc1Msg="00-000" desc2Msg="00-000" flags="00010005" category="00" inputPopup="FF" fp="00" bp="00" name="Unused_51"/>
	<Move index="052" nameMsg="26-071" desc1Msg="23-071" desc2Msg="25-071" flags="00010005" category="00" inputPopup="FF" fp="00" bp="00" name="HPPlus" ability="HPPlus"/>
	<Move index="053" nameMsg="00-000" desc1Msg="00-000" desc2Msg="00-000" flags="00000002" category="00" inputPopup="FF" fp="00" bp="00" name="MysteryScroll" ability="MysteryScroll"/>
	<Move index="054" nameMsg="26-08D" desc1Msg="23-08D" desc2Msg="25-08D" flags="00000002" category="00" inputPopup="FF" fp="00" bp="00" name="AttackFXA" ability="AttackFX"/>
	<Move index="055" nameMsg="26-08E" desc1Msg="23-08E" desc2Msg="25-08E" flags="00000002" category="00" inputPopup="FF" fp="00" bp="00" name="AttackFXD" ability="AttackFX"/>
	<Move index="056" nameMsg="26-08F" desc1Msg="23-08F" desc2Msg="25-08F" flags="00000002" category="00" inputPopup="FF" fp="00" bp="00" name="AttackFXB" ability="AttackFX"/>
	<Move index="057" nameMsg="26-090" desc1Msg="23-090" desc2Msg="25-090" flags="00000002" category="00" inputPopup="FF" fp="00" bp="00" name="AttackFXE" ability="AttackFX"/>
	<Move index="058" nameMsg="26-091" desc1Msg="23-091" desc2Msg="25-091" flags="00000002" category="00" inputPopup="FF" fp="00" bp="00" name="AttackFXC" ability="AttackFX"/>
	<Move index="059" nameMsg="26-092" desc1Msg="23-092" desc2Msg="25-092" flags="00000002" category="00" inputPopup="FF" fp="00" bp="00" name="AttackFXF" ability="AttackFX"/>
	<Move index="05A" nameMsg="26-078" desc1Msg="23-078" desc2Msg="25-078" flags="00000002" category="00" inputPopup="FF" fp="00" bp="03" name="HPDrain" ability="HPDrain"/>
	<Move index="05B" nameMsg="26-072" desc1Msg="23-072" desc2Msg="25-072" flags="00000002" category="00" inputPopup="FF" fp="00" bp="00" name="FPPlus" ability="FPPlus"/>
	<Move index="05C" nameMsg="26-09A" desc1Msg="23-09A" desc2Msg="25-09A" flags="00000002" category="00" inputPopup="FF" fp="00" bp="07" name="MoneyMoney" ability="MoneyMoney"/>
	<Move index="05D" nameMsg="26-098" desc1Msg="23-098" desc2Msg="25-098" flags="00000002" category="00" inputPopup="FF" fp="00" bp="02" name="ChillOutBadge" ability="ChillOut"/>
	<Move index="05E" nameMsg="26-079" desc1Msg="23-079" desc2Msg="25-079" flags="00000002" category="00" inputPopup="FF" fp="00" bp="03" name="HappyHeart" ability="HappyHeart"/>
	<Move index="05F" nameMsg="26-086" desc1Msg="23-086" desc2Msg="25-086" flags="00000002" category="00" inputPopup="FF" fp="00" bp="01" name="MegaRush" ability="MegaRush"/>
	<Move index="060" nameMsg="00-000" desc1Msg="00-000" desc2Msg="00-000" flags="00000002" category="00" inputPopup="FF" fp="00" bp="08" name="Berserker" ability="Berserker"/>
	<Move index="061" nameMsg="26-09C" desc1Msg="23-09C" desc2Msg="25-09C" flags="00000002" category="00" inputPopup="FF" fp="00" bp="02" name="RunawayPay" ability="RunawayPay"/>
	<Move index="062" nameMsg="26-07B" desc1Msg="23-07B" desc2Msg="25-07B" flags="00000002" category="00" inputPopup="FF" fp="00" bp="06" name="FlowerSaver" ability="FlowerSaver"/>
	<Move index="063" nameMsg="26-096" desc1Msg="23-096" desc2Msg="25-096" flags="00000002" category="00" inputPopup="FF" fp="00" bp="02" name="PayOff" ability="PayOff"/>
	<Move index="064" nameMsg="00-000" desc1Msg="23-084" desc2Msg="25-084" flags="00000002" category="00" inputPopup="FF" fp="00" bp="01" name="PowerRush" ability="PowerRush"/>
	<Move index="065" nameMsg="00-000" desc1Msg="00-000" desc2Msg="00-000" flags="00000002" category="00" inputPopup="FF" fp="00" bp="0A" name="CrazyHeart" ability="CrazyHeart"/>
	<Move index="066" nameMsg="00-000" desc1Msg="00-000" desc2Msg="00-000" flags="00000002" category="00" inputPopup="FF" fp="00" bp="0A" name="MegaHPDrain" ability="MegaHPDrain"/>
	<Move index="067" nameMsg="00-000" desc1Msg="00-000" desc2Msg="00-000" flags="00000002" category="00" inputPopup="FF" fp="00" bp="0A" name="FlowerFanatic" ability="FlowerFanatic"/>
	<Move index="068" nameMsg="00-000" desc1Msg="23-07C" desc2Msg="25-07C" flags="00000002" category="00" inputPopup="FF" fp="00" bp="03" name="HeartFinder" ability="HeartFinder"/>
	<Move index="069" nameMsg="00-000" desc1Msg="23-07D" desc2Msg="25-07D" flags="00000002" category="00" inputPopup="FF" fp="00" bp="03" name="FlowerFinder" ability="FlowerFinder"/>
	<Move index="06A" nameMsg="00-000" desc1Msg="23-089" desc2Msg="25-089" flags="00000002" category="00" inputPopup="FF" fp="00" bp="03" name="SpinAttack" ability="SpinAttack"/>
	<Move index="06B" nameMsg="00-000" desc1Msg="23-08A" desc2Msg="25-08A" flags="00000002" category="00" inputPopup="FF" fp="00" bp="02" name="DizzyAttack" ability="DizzyAttack"/>
	<Move index="06C" nameMsg="00-000" desc1Msg="23-09E" desc2Msg="25-09E" flags="00000002" category="00" inputPopup="FF" fp="00" bp="00" name="ISpy" ability="ISpy"/>
	<Move index="06D" nameMsg="00-000" desc1Msg="23-08B" desc2Msg="25-08B" flags="00000002" category="00" inputPopup="FF" fp="00" bp="00" name="SpeedySpin" ability="SpeedySpin"/>
	<Move index="06E" nameMsg="26-09D" desc1Msg="23-09D" desc2Msg="25-09D" flags="00000002" category="00" inputPopup="FF" fp="00" bp="01" name="Refund" ability="Refund"/>
	<Move index="06F" nameMsg="800989F0" desc1Msg="00-000" desc2Msg="00-000" flags="00000002" category="00" inputPopup="FF" fp="00" bp="01" name="Unused_FinalGoompa" ability="FinalGoompa"/>
	<Move index="070" nameMsg="800989DC" desc1Msg="00-000" desc2Msg="00-000" flags="00000002" category="00" inputPopup="FF" fp="00" bp="01" name="Unused_FinalBombomb" ability="FinalBombomb"/>
	<Move index="071" nameMsg="26-07E" desc1Msg="23-07E" desc2Msg="25-07E" flags="00000002" category="00" inputPopup="FF" fp="00" bp="01" name="DeepFocus" ability="DeepFocus"/>
	<Move index="072" nameMsg="00-000" desc1Msg="00-000" desc2Msg="00-000" flags="00000002" category="00" inputPopup="FF" fp="00" bp="05" name="SuperFocus" ability="SuperFocus"/>
	<Move index="073" nameMsg="00-000" desc1Msg="00-000" desc2Msg="00-000" flags="80000000" category="00" inputPopup="FF" fp="00" bp="00" name="Kaiden" ability="Kaiden"/>
	<Move index="074" nameMsg="26-07A" desc1Msg="23-07A" desc2Msg="25-07A" flags="00000002" category="00" inputPopup="FF" fp="00" bp="03" name="HappyFlower" ability="HappyFlower"/>
	<Move index="075" nameMsg="26-06F" desc1Msg="23-06F" desc2Msg="25-06F" flags="00000002" category="00" inputPopup="FF" fp="00" bp="02" name="GroupFocus" ability="GroupFocus"/>
	<Move index="076" nameMsg="26-09F" desc1Msg="23-09F" desc2Msg="25-09F" flags="00000002" category="00" inputPopup="FF" fp="00" bp="03" name="Peekaboo" ability="Peekaboo"/>
	<Move index="077" nameMsg="1D-014" desc1Msg="1D-020" desc2Msg="00-000" flags="80000000" category="0A" inputPopup="FF" fp="00" bp="00" name="Focus"/>
	<Move index="078" nameMsg="1D-015" desc1Msg="1D-021" desc2Msg="00-000" flags="00000008" category="0A" inputPopup="FF" fp="01" bp="01" name="Refresh"/>
	<Move index="079" nameMsg="1D-016" desc1Msg="1D-022" desc2Msg="00-000" flags="00008002" category="0A" inputPopup="FF" fp="01" bp="01" name="Lullaby"/>
	<Move index="07A" nameMsg="1D-017" desc1Msg="1D-023" desc2Msg="00-000" flags="00008002" category="0A" inputPopup="FF" fp="02" bp="02" name="StarStorm"/>
	<Move index="07B" nameMsg="1D-018" desc1Msg="1D-024" desc2Msg="00-000" flags="00008002" category="0A" inputPopup="FF" fp="02" bp="02" name="ChillOutMove"/>
	<Move index="07C" nameMsg="1D-019" desc1Msg="1D-025" desc2Msg="00-000" flags="00000008" category="0A" inputPopup="FF" fp="03" bp="03" name="Smooch"/>
	<Move index="07D" nameMsg="1D-01A" desc1Msg="1D-026" desc2Msg="00-000" flags="00008002" category="0A" inputPopup="FF" fp="02" bp="02" name="TimeOut"/>
	<Move index="07E" nameMsg="1D-01B" desc1Msg="1D-027" desc2Msg="00-000" flags="00008002" category="0A" inputPopup="FF" fp="02" bp="02" name="UpAndAway"/>
	<Move index="07F" nameMsg="1D-01C" desc1Msg="1D-028" desc2Msg="00-000" flags="00008002" category="0A" inputPopup="FF" fp="00" bp="00" name="StarBeam"/>
	<Move index="080" nameMsg="1D-01D" desc1Msg="1D-029" desc2Msg="00-000" flags="00008002" category="0A" inputPopup="FF" fp="00" bp="00" name="PeachBeam"/>
	<Move index="081" nameMsg="1D-01E" desc1Msg="1D-020" desc2Msg="00-000" flags="00000100" category="0A" inputPopup="FF" fp="00" bp="00" name="PeachFocus"/>
	<Move index="082" nameMsg="1D-01F" desc1Msg="1D-020" desc2Msg="00-000" flags="00008003" category="0A" inputPopup="FF" fp="00" bp="00" name="TwinkDash"/>
	<Move index="083" nameMsg="2B-000" desc1Msg="28-002" desc2Msg="28-007" flags="00054881" category="0B" inputPopup="02" fp="00" bp="00" name="Headbonk1"/>
	<Move index="084" nameMsg="2B-000" desc1Msg="28-002" desc2Msg="28-008" flags="00054881" category="0B" inputPopup="02" fp="00" bp="00" name="Headbonk2"/>
	<Move index="085" nameMsg="2B-000" desc1Msg="28-002" desc2Msg="28-009" flags="00054881" category="0B" inputPopup="02" fp="00" bp="00" name="Headbonk3"/>
	<Move index="086" nameMsg="2B-001" desc1Msg="28-003" desc2Msg="28-00A" flags="00038003" category="0B" inputPopup="FF" fp="00" bp="00" name="Tattle"/>
	<Move index="087" nameMsg="2B-002" desc1Msg="28-004" desc2Msg="28-00B" flags="00000008" category="0B" inputPopup="FF" fp="03" bp="00" name="Charge"/>
	<Move index="088" nameMsg="2B-003" desc1Msg="28-005" desc2Msg="28-00C" flags="00054881" category="0B" inputPopup="02" fp="06" bp="00" name="Multibonk"/>
	<Move index="089" nameMsg="2B-004" desc1Msg="28-00F" desc2Msg="28-014" flags="00013005" category="0B" inputPopup="01" fp="00" bp="00" name="ShellToss1"/>
	<Move index="08A" nameMsg="2B-004" desc1Msg="28-00F" desc2Msg="28-015" flags="00013005" category="0B" inputPopup="01" fp="00" bp="00" name="ShellToss2"/>
	<Move index="08B" nameMsg="2B-004" desc1Msg="28-00F" desc2Msg="28-016" flags="00013005" category="0B" inputPopup="01" fp="00" bp="00" name="ShellToss3"/>
	<Move index="08C" nameMsg="2B-005" desc1Msg="28-010" desc2Msg="28-017" flags="00012005" category="0B" inputPopup="01" fp="02" bp="00" name="PowerShell"/>
	<Move index="08D" nameMsg="2B-006" desc1Msg="28-011" desc2Msg="28-018" flags="00008002" category="0B" inputPopup="03" fp="05" bp="00" name="DizzyShell"/>
	<Move index="08E" nameMsg="2B-007" desc1Msg="28-012" desc2Msg="28-019" flags="00008004" category="0B" inputPopup="04" fp="06" bp="00" name="FireShell"/>
	<Move index="08F" nameMsg="2B-008" desc1Msg="28-01C" desc2Msg="28-021" flags="00012005" category="0B" inputPopup="0F" fp="00" bp="00" name="BodySlam1"/>
	<Move index="090" nameMsg="2B-008" desc1Msg="28-01C" desc2Msg="28-022" flags="00012005" category="0B" inputPopup="0F" fp="00" bp="00" name="BodySlam2"/>
	<Move index="091" nameMsg="2B-008" desc1Msg="28-01C" desc2Msg="28-023" flags="00012005" category="0B" inputPopup="0F" fp="00" bp="00" name="BodySlam3"/>
	<Move index="092" nameMsg="2B-009" desc1Msg="28-01D" desc2Msg="28-024" flags="00012005" category="0B" inputPopup="03" fp="03" bp="00" name="Bomb"/>
	<Move index="093" nameMsg="2B-00A" desc1Msg="28-01E" desc2Msg="28-025" flags="00008004" category="0B" inputPopup="03" fp="06" bp="00" name="PowerBomb"/>
	<Move index="094" nameMsg="2B-00B" desc1Msg="28-01F" desc2Msg="28-026" flags="00008002" category="0B" inputPopup="03" fp="08" bp="00" name="MegaBomb"/>
	<Move index="095" nameMsg="2B-00C" desc1Msg="28-029" desc2Msg="28-02E" flags="00010003" category="0B" inputPopup="00" fp="00" bp="00" name="SkyDive1"/>
	<Move index="096" nameMsg="2B-00C" desc1Msg="28-029" desc2Msg="28-02F" flags="00010003" category="0B" inputPopup="00" fp="00" bp="00" name="SkyDive2"/>
	<Move index="097" nameMsg="2B-00C" desc1Msg="28-029" desc2Msg="28-030" flags="00010003" category="0B" inputPopup="00" fp="00" bp="00" name="SkyDive3"/>
	<Move index="098" nameMsg="2B-00D" desc1Msg="28-02A" desc2Msg="28-031" flags="00010003" category="0B" inputPopup="05" fp="03" bp="00" name="ShellShot"/>
	<Move index="099" nameMsg="2B-00E" desc1Msg="28-02B" desc2Msg="28-032" flags="00008403" category="0B" inputPopup="03" fp="03" bp="00" name="AirLift"/>
	<Move index="09A" nameMsg="2B-00F" desc1Msg="28-02C" desc2Msg="28-033" flags="00008002" category="0B" inputPopup="04" fp="06" bp="00" name="AirRaid"/>
	<Move index="09B" nameMsg="800989D0" desc1Msg="00-000" desc2Msg="00-000" flags="00000003" category="0B" inputPopup="00" fp="00" bp="00" name="Unused_LoneFool1"/>
	<Move index="09C" nameMsg="800989D0" desc1Msg="00-000" desc2Msg="00-000" flags="00000003" category="0B" inputPopup="00" fp="00" bp="00" name="Unused_LoneFool2"/>
	<Move index="09D" nameMsg="800989D0" desc1Msg="00-000" desc2Msg="00-000" flags="00000003" category="0B" inputPopup="00" fp="00" bp="00" name="Unused_LoneFool3"/>
	<Move index="09E" nameMsg="800989C0" desc1Msg="00-000" desc2Msg="00-000" flags="00000004" category="0B" inputPopup="00" fp="00" bp="00" name="Unused_Mumble"/>
	<Move index="09F" nameMsg="800989B4" desc1Msg="00-000" desc2Msg="00-000" flags="00000003" category="0B" inputPopup="00" fp="00" bp="00" name="Unused_Preach"/>
	<Move index="0A0" nameMsg="800989A8" desc1Msg="00-000" desc2Msg="00-000" flags="00000003" category="0B" inputPopup="00" fp="00" bp="00" name="Unused_Awakening"/>
	<Move index="0A1" nameMsg="2B-014" desc1Msg="28-043" desc2Msg="28-048" flags="00000003" category="0B" inputPopup="0F" fp="00" bp="00" name="ElectroDash1"/>
	<Move index="0A2" nameMsg="2B-014" desc1Msg="28-043" desc2Msg="28-049" flags="00000003" category="0B" inputPopup="0F" fp="00" bp="00" name="ElectroDash2"/>
	<Move index="0A3" nameMsg="2B-014" desc1Msg="28-043" desc2Msg="28-04A" flags="00000003" category="0B" inputPopup="0F" fp="00" bp="00" name="ElectroDash3"/>
	<Move index="0A4" nameMsg="2B-016" desc1Msg="28-045" desc2Msg="28-04C" flags="00000100" category="0B" inputPopup="FF" fp="00" bp="00" name="PowerShock"/>
	<Move index="0A5" nameMsg="2B-015" desc1Msg="28-044" desc2Msg="28-04B" flags="00000003" category="0B" inputPopup="03" fp="03" bp="00" name="TurboCharge"/>
	<Move index="0A6" nameMsg="2B-017" desc1Msg="28-046" desc2Msg="28-04D" flags="00000003" category="0B" inputPopup="0C" fp="05" bp="00" name="MegaShock"/>
	<Move index="0A7" nameMsg="2B-018" desc1Msg="28-050" desc2Msg="28-055" flags="00054881" category="0B" inputPopup="01" fp="00" bp="00" name="BellyFlop1"/>
	<Move index="0A8" nameMsg="2B-018" desc1Msg="28-050" desc2Msg="28-056" flags="00054881" category="0B" inputPopup="01" fp="00" bp="00" name="BellyFlop2"/>
	<Move index="0A9" nameMsg="2B-018" desc1Msg="28-050" desc2Msg="28-057" flags="00054881" category="0B" inputPopup="01" fp="00" bp="00" name="BellyFlop3"/>
	<Move index="0AA" nameMsg="2B-019" desc1Msg="28-051" desc2Msg="28-058" flags="00000003" category="0B" inputPopup="0E" fp="03" bp="00" name="Squirt"/>
	<Move index="0AB" nameMsg="2B-01A" desc1Msg="28-052" desc2Msg="28-059" flags="00000008" category="0B" inputPopup="0A" fp="04" bp="00" name="WaterBlock"/>
	<Move index="0AC" nameMsg="2B-01B" desc1Msg="28-053" desc2Msg="28-05A" flags="00008002" category="0B" inputPopup="08" fp="06" bp="00" name="TidalWave"/>
	<Move index="0AD" nameMsg="2B-01C" desc1Msg="28-05D" desc2Msg="28-062" flags="00000003" category="0B" inputPopup="10" fp="00" bp="00" name="SpinyFlip1"/>
	<Move index="0AE" nameMsg="2B-01C" desc1Msg="28-05D" desc2Msg="28-063" flags="00000003" category="0B" inputPopup="10" fp="00" bp="00" name="SpinyFlip2"/>
	<Move index="0AF" nameMsg="2B-01C" desc1Msg="28-05D" desc2Msg="28-064" flags="00000003" category="0B" inputPopup="10" fp="00" bp="00" name="SpinyFlip3"/>
	<Move index="0B0" nameMsg="2B-01D" desc1Msg="28-05E" desc2Msg="28-065" flags="00008002" category="0B" inputPopup="04" fp="04" bp="00" name="SpinySurge"/>
	<Move index="0B1" nameMsg="2B-01E" desc1Msg="28-05F" desc2Msg="28-066" flags="00000008" category="0B" inputPopup="0A" fp="04" bp="00" name="CloudNine"/>
	<Move index="0B2" nameMsg="2B-01F" desc1Msg="28-060" desc2Msg="28-067" flags="00008002" category="0B" inputPopup="0C" fp="05" bp="00" name="Hurricane"/>
	<Move index="0B3" nameMsg="2B-010" desc1Msg="28-036" desc2Msg="28-03B" flags="00000003" category="0B" inputPopup="04" fp="00" bp="00" name="Smack1"/>
	<Move index="0B4" nameMsg="2B-010" desc1Msg="28-036" desc2Msg="28-03C" flags="00000003" category="0B" inputPopup="04" fp="00" bp="00" name="Smack2"/>
	<Move index="0B5" nameMsg="2B-010" desc1Msg="28-036" desc2Msg="28-03D" flags="00000003" category="0B" inputPopup="04" fp="00" bp="00" name="Smack3"/>
	<Move index="0B6" nameMsg="2B-011" desc1Msg="28-037" desc2Msg="28-03E" flags="00000008" category="0B" inputPopup="FF" fp="02" bp="00" name="OuttaSight"/>
	<Move index="0B7" nameMsg="2B-012" desc1Msg="28-038" desc2Msg="28-03F" flags="00008002" category="0B" inputPopup="04" fp="03" bp="00" name="Spook"/>
	<Move index="0B8" nameMsg="2B-013" desc1Msg="28-039" desc2Msg="28-040" flags="00000003" category="0B" inputPopup="04" fp="05" bp="00" name="FanSmack"/>
</Moves>
