<?xml version="1.0" encoding="UTF-8"?>
<SpriteSheet maxComponents="2" paletteGroups="1">
	<PaletteList>
		<Palette id="0" src="Palette_00.png"/>
		<Palette id="1" src="Palette_01.png"/>
		<Palette id="2" src="Palette_02.png"/>
		<Palette id="3" src="Palette_03.png"/>
		<Palette id="4" src="Palette_04.png"/>
	</PaletteList>
	<RasterList>
		<Raster id="0" palette="0" src="Raster_00.png"/>
		<Raster id="1" palette="0" src="Raster_01.png"/>
		<Raster id="2" palette="0" src="Raster_02.png"/>
		<Raster id="3" palette="0" src="Raster_03.png"/>
		<Raster id="4" palette="0" src="Raster_04.png"/>
		<Raster id="5" palette="0" src="Raster_05.png"/>
		<Raster id="6" palette="0" src="Raster_06.png"/>
		<Raster id="7" palette="0" src="Raster_07.png"/>
		<Raster id="8" palette="0" src="Raster_08.png"/>
		<Raster id="9" palette="0" src="Raster_09.png"/>
		<Raster id="A" palette="0" src="Raster_0A.png"/>
		<Raster id="B" palette="0" src="Raster_0B.png"/>
		<Raster id="C" palette="0" src="Raster_0C.png"/>
		<Raster id="D" palette="0" src="Raster_0D.png"/>
		<Raster id="E" palette="0" src="Raster_0E.png"/>
		<Raster id="F" palette="0" src="Raster_0F.png"/>
		<Raster id="10" palette="0" src="Raster_10.png"/>
		<Raster id="11" palette="0" src="Raster_11.png"/>
		<Raster id="12" palette="0" src="Raster_12.png"/>
		<Raster id="13" palette="0" src="Raster_13.png"/>
		<Raster id="14" palette="0" src="Raster_14.png"/>
		<Raster id="15" palette="0" src="Raster_15.png"/>
		<Raster id="16" palette="0" src="Raster_16.png"/>
		<Raster id="17" palette="0" src="Raster_17.png"/>
		<Raster id="18" palette="0" src="Raster_18.png"/>
		<Raster id="19" palette="0" src="Raster_19.png"/>
		<Raster id="1A" palette="0" src="Raster_1A.png"/>
		<Raster id="1B" palette="0" src="Raster_1B.png"/>
		<Raster id="1C" palette="0" src="Raster_1C.png"/>
		<Raster id="1D" palette="0" src="Raster_1D.png"/>
		<Raster id="1E" palette="0" src="Raster_1E.png"/>
		<Raster id="1F" palette="4" src="Raster_1F.png"/>
		<Raster id="20" palette="4" src="Raster_20.png"/>
		<Raster id="21" palette="4" src="Raster_21.png"/>
		<Raster id="22" palette="4" src="Raster_22.png"/>
		<Raster id="23" palette="4" src="Raster_23.png"/>
		<Raster id="24" palette="4" src="Raster_24.png"/>
		<Raster id="25" palette="0" src="Raster_25.png"/>
		<Raster id="26" palette="0" src="Raster_26.png"/>
		<Raster id="27" palette="0" src="Raster_27.png"/>
		<Raster id="28" palette="0" src="Raster_28.png"/>
		<Raster id="29" palette="0" src="Raster_29.png"/>
		<Raster id="2A" palette="0" src="Raster_2A.png"/>
		<Raster id="2B" palette="0" src="Raster_2B.png"/>
		<Raster id="2C" palette="0" src="Raster_2C.png"/>
		<Raster id="2D" palette="0" src="Raster_2D.png"/>
		<Raster id="2E" palette="0" src="Raster_2E.png"/>
		<Raster id="2F" palette="0" src="Raster_2F.png"/>
		<Raster id="30" palette="0" src="Raster_30.png"/>
		<Raster id="31" palette="0" src="Raster_31.png"/>
		<Raster id="32" palette="0" src="Raster_32.png"/>
		<Raster id="33" palette="0" src="Raster_33.png"/>
		<Raster id="34" palette="0" src="Raster_34.png"/>
		<Raster id="35" palette="4" src="Raster_35.png"/>
		<Raster id="36" palette="4" src="Raster_36.png"/>
		<Raster id="37" palette="4" src="Raster_37.png"/>
		<Raster id="38" palette="4" src="Raster_38.png"/>
		<Raster id="39" palette="0" src="Raster_39.png"/>
		<Raster id="3A" palette="0" src="Raster_3A.png"/>
		<Raster id="3B" palette="0" src="Raster_3B.png"/>
		<Raster id="3C" palette="0" src="Raster_3C.png"/>
		<Raster id="3D" palette="0" src="Raster_3D.png"/>
		<Raster id="3E" palette="0" src="Raster_3E.png"/>
		<Raster id="3F" palette="0" src="Raster_3F.png"/>
		<Raster id="40" palette="0" src="Raster_40.png"/>
		<Raster id="41" palette="0" src="Raster_41.png"/>
		<Raster id="42" palette="0" src="Raster_42.png"/>
		<Raster id="43" palette="0" src="Raster_43.png"/>
		<Raster id="44" palette="0" src="Raster_44.png"/>
		<Raster id="45" palette="0" src="Raster_45.png"/>
		<Raster id="46" palette="0" src="Raster_46.png"/>
		<Raster id="47" palette="0" src="Raster_47.png"/>
		<Raster id="48" palette="0" src="Raster_48.png"/>
		<Raster id="49" palette="0" src="Raster_49.png"/>
		<Raster id="4A" palette="0" src="Raster_4A.png"/>
		<Raster id="4B" palette="0" src="Raster_4B.png"/>
	</RasterList>
	<AnimationList>
		<Animation name="Anim_00">
			<Component name="Comp_00" xyz="0,0,0">
				<Command val="1000"/>
				<Command val="2"/>
				<Command val="2000"/>
			</Component>
			<Component name="Comp_01" xyz="0,0,-2">
				<Command val="3001"/>
				<Command val="8"/>
				<Command val="0"/>
				<Command val="0"/>
				<Command val="100F"/>
				<Command val="2"/>
				<Command val="2000"/>
			</Component>
		</Animation>
		<Animation name="Anim_01">
			<Component name="Comp_00" xyz="0,0,0">
				<Command val="1001"/>
				<Command val="2"/>
				<Command val="2000"/>
			</Component>
			<Component name="Comp_01" xyz="0,0,-2">
				<Command val="3001"/>
				<Command val="FFF8"/>
				<Command val="0"/>
				<Command val="0"/>
				<Command val="1010"/>
				<Command val="2"/>
				<Command val="2000"/>
			</Component>
		</Animation>
		<Animation name="Anim_02">
			<Component name="Comp_00" xyz="0,0,0">
				<Command val="1001"/>
				<Command val="2"/>
				<Command val="2000"/>
			</Component>
			<Component name="Comp_01" xyz="0,0,-2">
				<Command val="3001"/>
				<Command val="FFF0"/>
				<Command val="0"/>
				<Command val="0"/>
				<Command val="1012"/>
				<Command val="2"/>
				<Command val="2000"/>
			</Component>
		</Animation>
		<Animation name="Anim_03">
			<Component name="Comp_00" xyz="0,0,0">
				<Command val="1002"/>
				<Command val="8"/>
				<Command val="1001"/>
				<Command val="8"/>
				<Command val="2000"/>
			</Component>
			<Component name="Comp_01" xyz="0,0,-2">
				<Command val="3001"/>
				<Command val="FFF8"/>
				<Command val="0"/>
				<Command val="0"/>
				<Command val="1011"/>
				<Command val="8"/>
				<Command val="3001"/>
				<Command val="FFF8"/>
				<Command val="0"/>
				<Command val="0"/>
				<Command val="1010"/>
				<Command val="8"/>
				<Command val="2000"/>
			</Component>
		</Animation>
		<Animation name="Anim_04">
			<Component name="Comp_00" xyz="0,0,0">
				<Command val="1004"/>
				<Command val="8"/>
				<Command val="1003"/>
				<Command val="8"/>
				<Command val="2000"/>
			</Component>
			<Component name="Comp_01" xyz="0,0,-2">
				<Command val="3001"/>
				<Command val="FFF0"/>
				<Command val="0"/>
				<Command val="0"/>
				<Command val="1013"/>
				<Command val="8"/>
				<Command val="3001"/>
				<Command val="FFF0"/>
				<Command val="0"/>
				<Command val="0"/>
				<Command val="1012"/>
				<Command val="8"/>
				<Command val="2000"/>
			</Component>
		</Animation>
		<Animation name="Anim_05">
			<Component name="Comp_00" xyz="0,0,0">
				<Command val="1008"/>
				<Command val="6"/>
				<Command val="1005"/>
				<Command val="8"/>
				<Command val="1006"/>
				<Command val="6"/>
				<Command val="1007"/>
				<Command val="8"/>
				<Command val="2000"/>
			</Component>
			<Component name="Comp_01" xyz="0,0,-2">
				<Command val="3001"/>
				<Command val="8"/>
				<Command val="0"/>
				<Command val="0"/>
				<Command val="1017"/>
				<Command val="6"/>
				<Command val="3001"/>
				<Command val="8"/>
				<Command val="0"/>
				<Command val="0"/>
				<Command val="1014"/>
				<Command val="8"/>
				<Command val="3001"/>
				<Command val="8"/>
				<Command val="0"/>
				<Command val="0"/>
				<Command val="1015"/>
				<Command val="6"/>
				<Command val="3001"/>
				<Command val="8"/>
				<Command val="0"/>
				<Command val="0"/>
				<Command val="1016"/>
				<Command val="8"/>
				<Command val="2000"/>
			</Component>
		</Animation>
		<Animation name="Anim_06">
			<Component name="Comp_00" xyz="0,0,0">
				<Command val="1008"/>
				<Command val="2"/>
				<Command val="1005"/>
				<Command val="4"/>
				<Command val="1006"/>
				<Command val="2"/>
				<Command val="1007"/>
				<Command val="4"/>
				<Command val="2000"/>
			</Component>
			<Component name="Comp_01" xyz="0,0,-2">
				<Command val="3001"/>
				<Command val="8"/>
				<Command val="0"/>
				<Command val="0"/>
				<Command val="1017"/>
				<Command val="2"/>
				<Command val="3001"/>
				<Command val="8"/>
				<Command val="0"/>
				<Command val="0"/>
				<Command val="1014"/>
				<Command val="4"/>
				<Command val="3001"/>
				<Command val="8"/>
				<Command val="0"/>
				<Command val="0"/>
				<Command val="1015"/>
				<Command val="2"/>
				<Command val="3001"/>
				<Command val="8"/>
				<Command val="0"/>
				<Command val="0"/>
				<Command val="1016"/>
				<Command val="4"/>
				<Command val="2000"/>
			</Component>
		</Animation>
		<Animation name="Anim_07">
			<Component name="Comp_00" xyz="0,0,0">
				<Command val="3001"/>
				<Command val="8"/>
				<Command val="0"/>
				<Command val="0"/>
				<Command val="1009"/>
				<Command val="4"/>
				<Command val="3001"/>
				<Command val="8"/>
				<Command val="0"/>
				<Command val="0"/>
				<Command val="100A"/>
				<Command val="4"/>
				<Command val="2000"/>
			</Component>
			<Component name="Comp_01" xyz="0,0,-2">
				<Command val="3001"/>
				<Command val="0"/>
				<Command val="0"/>
				<Command val="0"/>
				<Command val="1018"/>
				<Command val="4"/>
				<Command val="3001"/>
				<Command val="10"/>
				<Command val="0"/>
				<Command val="0"/>
				<Command val="1019"/>
				<Command val="4"/>
				<Command val="2000"/>
			</Component>
		</Animation>
		<Animation name="Anim_08">
			<Component name="Comp_00" xyz="0,0,0">
				<Command val="3001"/>
				<Command val="8"/>
				<Command val="0"/>
				<Command val="0"/>
				<Command val="102B"/>
				<Command val="6"/>
				<Command val="3001"/>
				<Command val="8"/>
				<Command val="0"/>
				<Command val="0"/>
				<Command val="102C"/>
				<Command val="6"/>
				<Command val="2000"/>
			</Component>
			<Component name="Comp_01" xyz="0,0,-2">
				<Command val="3001"/>
				<Command val="FFF0"/>
				<Command val="8"/>
				<Command val="0"/>
				<Command val="1033"/>
				<Command val="6"/>
				<Command val="3001"/>
				<Command val="FFF0"/>
				<Command val="FFF8"/>
				<Command val="0"/>
				<Command val="1034"/>
				<Command val="6"/>
				<Command val="2000"/>
			</Component>
		</Animation>
		<Animation name="Anim_09">
			<Component name="Comp_00" xyz="0,0,0">
				<Command val="3001"/>
				<Command val="4"/>
				<Command val="0"/>
				<Command val="0"/>
				<Command val="100B"/>
				<Command val="2"/>
				<Command val="2000"/>
			</Component>
			<Component name="Comp_01" xyz="0,0,-2">
				<Command val="3001"/>
				<Command val="4"/>
				<Command val="0"/>
				<Command val="0"/>
				<Command val="101B"/>
				<Command val="2"/>
				<Command val="2000"/>
			</Component>
		</Animation>
		<Animation name="Anim_0A">
			<Component name="Comp_00" xyz="0,0,0">
				<Command val="3001"/>
				<Command val="8"/>
				<Command val="0"/>
				<Command val="0"/>
				<Command val="101F"/>
				<Command val="4"/>
				<Command val="3001"/>
				<Command val="8"/>
				<Command val="0"/>
				<Command val="0"/>
				<Command val="1020"/>
				<Command val="4"/>
				<Command val="2000"/>
			</Component>
			<Component name="Comp_01" xyz="0,0,-2">
				<Command val="3001"/>
				<Command val="0"/>
				<Command val="0"/>
				<Command val="0"/>
				<Command val="1021"/>
				<Command val="4"/>
				<Command val="3001"/>
				<Command val="10"/>
				<Command val="0"/>
				<Command val="0"/>
				<Command val="1022"/>
				<Command val="4"/>
				<Command val="2000"/>
			</Component>
		</Animation>
		<Animation name="Anim_0B">
			<Component name="Comp_00" xyz="0,0,0">
				<Command val="3001"/>
				<Command val="8"/>
				<Command val="0"/>
				<Command val="0"/>
				<Command val="1035"/>
				<Command val="6"/>
				<Command val="3001"/>
				<Command val="8"/>
				<Command val="0"/>
				<Command val="0"/>
				<Command val="1036"/>
				<Command val="6"/>
				<Command val="2000"/>
			</Component>
			<Component name="Comp_01" xyz="0,0,-2">
				<Command val="3001"/>
				<Command val="FFF0"/>
				<Command val="8"/>
				<Command val="0"/>
				<Command val="1037"/>
				<Command val="6"/>
				<Command val="3001"/>
				<Command val="FFF0"/>
				<Command val="FFF8"/>
				<Command val="0"/>
				<Command val="1038"/>
				<Command val="6"/>
				<Command val="2000"/>
			</Component>
		</Animation>
		<Animation name="Anim_0C">
			<Component name="Comp_00" xyz="0,0,0">
				<Command val="3001"/>
				<Command val="4"/>
				<Command val="0"/>
				<Command val="0"/>
				<Command val="1023"/>
				<Command val="2"/>
				<Command val="2000"/>
			</Component>
			<Component name="Comp_01" xyz="0,0,-2">
				<Command val="3001"/>
				<Command val="4"/>
				<Command val="0"/>
				<Command val="0"/>
				<Command val="1024"/>
				<Command val="2"/>
				<Command val="2000"/>
			</Component>
		</Animation>
		<Animation name="Anim_0D">
			<Component name="Comp_00" xyz="0,0,0">
				<Command val="3001"/>
				<Command val="4"/>
				<Command val="0"/>
				<Command val="0"/>
				<Command val="100B"/>
				<Command val="2"/>
				<Command val="2000"/>
			</Component>
			<Component name="Comp_01" xyz="0,0,-2">
				<Command val="3001"/>
				<Command val="FFFC"/>
				<Command val="0"/>
				<Command val="0"/>
				<Command val="101A"/>
				<Command val="2"/>
				<Command val="2000"/>
			</Component>
		</Animation>
		<Animation name="Anim_0E">
			<Component name="Comp_00" xyz="0,0,0">
				<Command val="100C"/>
				<Command val="4"/>
				<Command val="100D"/>
				<Command val="2"/>
				<Command val="100E"/>
				<Command val="2"/>
				<Command val="2004"/>
			</Component>
			<Component name="Comp_01" xyz="0,0,-2">
				<Command val="3001"/>
				<Command val="FFF8"/>
				<Command val="0"/>
				<Command val="0"/>
				<Command val="101C"/>
				<Command val="4"/>
				<Command val="3001"/>
				<Command val="FFF0"/>
				<Command val="0"/>
				<Command val="0"/>
				<Command val="101D"/>
				<Command val="2"/>
				<Command val="3001"/>
				<Command val="FFE8"/>
				<Command val="0"/>
				<Command val="0"/>
				<Command val="101E"/>
				<Command val="2"/>
				<Command val="200C"/>
			</Component>
		</Animation>
		<Animation name="Anim_0F">
			<Component name="Comp_00" xyz="0,0,0">
				<Command val="1025"/>
				<Command val="6"/>
				<Command val="1026"/>
				<Command val="6"/>
				<Command val="1025"/>
				<Command val="6"/>
				<Command val="1027"/>
				<Command val="6"/>
				<Command val="2000"/>
			</Component>
			<Component name="Comp_01" xyz="0,0,-2">
				<Command val="3001"/>
				<Command val="8"/>
				<Command val="0"/>
				<Command val="0"/>
				<Command val="102D"/>
				<Command val="6"/>
				<Command val="3001"/>
				<Command val="8"/>
				<Command val="0"/>
				<Command val="0"/>
				<Command val="102E"/>
				<Command val="6"/>
				<Command val="3001"/>
				<Command val="8"/>
				<Command val="0"/>
				<Command val="0"/>
				<Command val="102D"/>
				<Command val="6"/>
				<Command val="3001"/>
				<Command val="8"/>
				<Command val="0"/>
				<Command val="0"/>
				<Command val="102F"/>
				<Command val="6"/>
				<Command val="2000"/>
			</Component>
		</Animation>
		<Animation name="Anim_10">
			<Component name="Comp_00" xyz="0,0,0">
				<Command val="3001"/>
				<Command val="8"/>
				<Command val="0"/>
				<Command val="0"/>
				<Command val="1028"/>
				<Command val="C"/>
				<Command val="3001"/>
				<Command val="8"/>
				<Command val="0"/>
				<Command val="0"/>
				<Command val="1029"/>
				<Command val="6"/>
				<Command val="3001"/>
				<Command val="8"/>
				<Command val="0"/>
				<Command val="0"/>
				<Command val="102A"/>
				<Command val="6"/>
				<Command val="2000"/>
			</Component>
			<Component name="Comp_01" xyz="0,0,-2">
				<Command val="3001"/>
				<Command val="8"/>
				<Command val="8"/>
				<Command val="0"/>
				<Command val="1030"/>
				<Command val="C"/>
				<Command val="3001"/>
				<Command val="FFF0"/>
				<Command val="0"/>
				<Command val="0"/>
				<Command val="1031"/>
				<Command val="6"/>
				<Command val="3001"/>
				<Command val="FFF0"/>
				<Command val="0"/>
				<Command val="0"/>
				<Command val="1032"/>
				<Command val="6"/>
				<Command val="2000"/>
			</Component>
		</Animation>
		<Animation name="Anim_11">
			<Component name="Comp_00" xyz="0,0,0">
				<Command val="1039"/>
				<Command val="4"/>
				<Command val="3001"/>
				<Command val="FFF8"/>
				<Command val="0"/>
				<Command val="0"/>
				<Command val="103A"/>
				<Command val="2"/>
				<Command val="2002"/>
			</Component>
			<Component name="Comp_01" xyz="0,0,-2">
				<Command val="3001"/>
				<Command val="8"/>
				<Command val="8"/>
				<Command val="0"/>
				<Command val="103B"/>
				<Command val="4"/>
				<Command val="1FFF"/>
				<Command val="2"/>
				<Command val="2006"/>
			</Component>
		</Animation>
		<Animation name="Anim_12">
			<Component name="Comp_00" xyz="0,0,0">
				<Command val="1045"/>
				<Command val="8"/>
				<Command val="1046"/>
				<Command val="8"/>
				<Command val="2000"/>
			</Component>
		</Animation>
		<Animation name="Anim_13">
			<Component name="Comp_00" xyz="0,0,0">
				<Command val="1047"/>
				<Command val="C"/>
				<Command val="1048"/>
				<Command val="2"/>
				<Command val="2002"/>
			</Component>
		</Animation>
		<Animation name="Anim_14">
			<Component name="Comp_00" xyz="0,0,-2">
				<Command val="3001"/>
				<Command val="4"/>
				<Command val="FFF7"/>
				<Command val="0"/>
				<Command val="1044"/>
				<Command val="2"/>
				<Command val="2000"/>
			</Component>
		</Animation>
		<Animation name="Anim_15">
			<Component name="Comp_00" xyz="0,0,0">
				<Command val="3001"/>
				<Command val="FFF8"/>
				<Command val="0"/>
				<Command val="0"/>
				<Command val="103C"/>
				<Command val="4"/>
				<Command val="3001"/>
				<Command val="FFF8"/>
				<Command val="0"/>
				<Command val="0"/>
				<Command val="103D"/>
				<Command val="2"/>
				<Command val="3001"/>
				<Command val="FFF8"/>
				<Command val="0"/>
				<Command val="0"/>
				<Command val="103E"/>
				<Command val="4"/>
				<Command val="3001"/>
				<Command val="FFF8"/>
				<Command val="0"/>
				<Command val="0"/>
				<Command val="103D"/>
				<Command val="2"/>
				<Command val="2000"/>
			</Component>
			<Component name="Comp_01" xyz="0,0,-2">
				<Command val="3001"/>
				<Command val="FFF0"/>
				<Command val="8"/>
				<Command val="0"/>
				<Command val="103F"/>
				<Command val="4"/>
				<Command val="3001"/>
				<Command val="FFF0"/>
				<Command val="8"/>
				<Command val="0"/>
				<Command val="1040"/>
				<Command val="2"/>
				<Command val="3001"/>
				<Command val="FFF0"/>
				<Command val="8"/>
				<Command val="0"/>
				<Command val="1041"/>
				<Command val="4"/>
				<Command val="3001"/>
				<Command val="FFF0"/>
				<Command val="8"/>
				<Command val="0"/>
				<Command val="1040"/>
				<Command val="2"/>
				<Command val="2000"/>
			</Component>
		</Animation>
		<Animation name="Anim_16">
			<Component name="Comp_00" xyz="0,0,-2">
				<Command val="3001"/>
				<Command val="10"/>
				<Command val="0"/>
				<Command val="0"/>
				<Command val="1043"/>
				<Command val="2"/>
				<Command val="1FFF"/>
				<Command val="2"/>
				<Command val="2006"/>
			</Component>
			<Component name="Comp_01" xyz="0,0,0">
				<Command val="1042"/>
				<Command val="4"/>
				<Command val="3001"/>
				<Command val="FFF8"/>
				<Command val="0"/>
				<Command val="0"/>
				<Command val="103A"/>
				<Command val="2"/>
				<Command val="2002"/>
			</Component>
		</Animation>
		<Animation name="Anim_17">
			<Component name="Comp_00" xyz="0,0,0">
				<Command val="3001"/>
				<Command val="FFF8"/>
				<Command val="0"/>
				<Command val="0"/>
				<Command val="103A"/>
				<Command val="2"/>
				<Command val="3001"/>
				<Command val="FFF8"/>
				<Command val="0"/>
				<Command val="0"/>
				<Command val="104A"/>
				<Command val="2"/>
				<Command val="2006"/>
			</Component>
		</Animation>
		<Animation name="Anim_18">
			<Component name="Comp_00" xyz="0,0,0">
				<Command val="1048"/>
				<Command val="2"/>
				<Command val="1049"/>
				<Command val="2"/>
				<Command val="2002"/>
			</Component>
		</Animation>
		<Animation name="Anim_19">
			<Component name="Comp_00" xyz="0,0,0">
				<Command val="3001"/>
				<Command val="FFFC"/>
				<Command val="FFF4"/>
				<Command val="0"/>
				<Command val="104B"/>
				<Command val="2"/>
				<Command val="2000"/>
			</Component>
		</Animation>
		<Animation name="Anim_1A">
			<Component name="Comp_00" xyz="0,0,0">
				<Command val="100C"/>
				<Command val="4"/>
				<Command val="2000"/>
			</Component>
			<Component name="Comp_01" xyz="0,0,-2">
				<Command val="3001"/>
				<Command val="FFF8"/>
				<Command val="0"/>
				<Command val="0"/>
				<Command val="101C"/>
				<Command val="4"/>
				<Command val="2000"/>
			</Component>
		</Animation>
		<Animation name="Anim_1B">
			<Component name="Comp_00" xyz="0,0,0">
				<Command val="100D"/>
				<Command val="2"/>
				<Command val="100E"/>
				<Command val="2"/>
				<Command val="2002"/>
			</Component>
			<Component name="Comp_01" xyz="0,0,-2">
				<Command val="3001"/>
				<Command val="FFF0"/>
				<Command val="0"/>
				<Command val="0"/>
				<Command val="101D"/>
				<Command val="2"/>
				<Command val="3001"/>
				<Command val="FFE8"/>
				<Command val="0"/>
				<Command val="0"/>
				<Command val="101E"/>
				<Command val="2"/>
				<Command val="2006"/>
			</Component>
		</Animation>
	</AnimationList>
</SpriteSheet>
